type,name,module,path,hash
"yaml","manifest","_config","_config/manifest.yaml","c4499a03df99895d45e98e3992af1958eb6187ba75346b45a3c5765d9172fe31"
"csv","documentation-requirements","bmm","bmm/1-analysis/bmad-document-project/documentation-requirements.csv","d1253b99e88250f2130516b56027ed706e643bfec3d99316727a4c6ec65c6c1d"
"csv","domain-complexity","bmm","bmm/2-plan-workflows/bmad-create-prd/data/domain-complexity.csv","f775f09fb4dc1b9214ca22db4a3994ce53343d976d7f6e5384949835db6d2770"
"csv","domain-complexity","bmm","bmm/2-plan-workflows/bmad-validate-prd/data/domain-complexity.csv","f775f09fb4dc1b9214ca22db4a3994ce53343d976d7f6e5384949835db6d2770"
"csv","domain-complexity","bmm","bmm/3-solutioning/bmad-create-architecture/data/domain-complexity.csv","3dc34ed39f1fc79a51f7b8fc92087edb7cd85c4393a891d220f2e8dd5a101c70"
"csv","module-help","bmm","bmm/module-help.csv","ad86dcf20fdb6442486958be9302a396a4a5158219aa702a173e2f81aa7f1c18"
"csv","project-types","bmm","bmm/2-plan-workflows/bmad-create-prd/data/project-types.csv","7a01d336e940fb7a59ff450064fd1194cdedda316370d939264a0a0adcc0aca3"
"csv","project-types","bmm","bmm/2-plan-workflows/bmad-validate-prd/data/project-types.csv","7a01d336e940fb7a59ff450064fd1194cdedda316370d939264a0a0adcc0aca3"
"csv","project-types","bmm","bmm/3-solutioning/bmad-create-architecture/data/project-types.csv","12343635a2f11343edb1d46906981d6f5e12b9cad2f612e13b09460b5e5106e7"
"json","bmad-manifest","bmm","bmm/1-analysis/bmad-prfaq/bmad-manifest.json","3da3d0a00b21c040f17bbc5d63283f23b432a92214634b211a5396ca864b2c7d"
"json","bmad-manifest","bmm","bmm/1-analysis/bmad-product-brief/bmad-manifest.json","22c9c569e116024e19ce8d57a1572a9be456dadc3df309a6e3922862a72775b6"
"json","project-scan-report-schema","bmm","bmm/1-analysis/bmad-document-project/templates/project-scan-report-schema.json","8466965321f1db22f5013869636199f67e0113706283c285a7ffbbf5efeea321"
"md","architecture-decision-template","bmm","bmm/3-solutioning/bmad-create-architecture/architecture-decision-template.md","5d9adf90c28df61031079280fd2e49998ec3b44fb3757c6a202cda353e172e9f"
"md","artifact-analyzer","bmm","bmm/1-analysis/bmad-prfaq/agents/artifact-analyzer.md","7bdc44830f8d593346ec0ee15e36e1e431432fcc6c38b70bb861999315c9cfa4"
"md","artifact-analyzer","bmm","bmm/1-analysis/bmad-product-brief/agents/artifact-analyzer.md","dcd8c4bb367fa48ff99c26565d164323b2ae057b09642ba7d1fda1683262be2d"
"md","brief-template","bmm","bmm/1-analysis/bmad-product-brief/resources/brief-template.md","d42f0ef6b154b5c314090be393febabd61de3d8de1ecf926124d40d418552b4b"
"md","checklist","bmm","bmm/1-analysis/bmad-document-project/checklist.md","581b0b034c25de17ac3678db2dbafedaeb113de37ddf15a4df6584cf2324a7d7"
"md","checklist","bmm","bmm/4-implementation/bmad-correct-course/checklist.md","3e082b95def90ccb876e3101ce0bbaf797a0f03a9471e1347361897f27977327"
"md","checklist","bmm","bmm/4-implementation/bmad-create-story/checklist.md","b94e28e774c3be0288f04ea163424bece4ddead5cd3f3680d1603ed07383323a"
"md","checklist","bmm","bmm/4-implementation/bmad-dev-story/checklist.md","630b68c6824a8785003a65553c1f335222b17be93b1bd80524c23b38bde1d8af"
"md","checklist","bmm","bmm/4-implementation/bmad-qa-generate-e2e-tests/checklist.md","b58f810aeb1040c2f6758c88aa133afce72f8cc178d3d97ff0fbaa3d943057dc"
"md","checklist","bmm","bmm/4-implementation/bmad-sprint-planning/checklist.md","80b10aedcf88ab1641b8e5f99c9a400c8fd9014f13ca65befc5c83992e367dd7"
"md","compile-epic-context","bmm","bmm/4-implementation/bmad-quick-dev/compile-epic-context.md","5cfda02f252941e415b80c57b4528f46226b3cbf456ad45d78fcb5a7ef4816e2"
"md","contextual-discovery","bmm","bmm/1-analysis/bmad-product-brief/prompts/contextual-discovery.md","b29d2c555cec9777d43b9aa7193881c468e619db14f366f53a3be5661d0e05b4"
"md","customer-faq","bmm","bmm/1-analysis/bmad-prfaq/references/customer-faq.md","96f8565197649c58908a1d61b6cd805fd01f57da7945ba889c18d087ad597aeb"
"md","deep-dive-instructions","bmm","bmm/1-analysis/bmad-document-project/workflows/deep-dive-instructions.md","a79e24b93a25ab456062916a9dad7b6a16dc43ac0b4b555700d3c3751cff0d25"
"md","deep-dive-template","bmm","bmm/1-analysis/bmad-document-project/templates/deep-dive-template.md","6198aa731d87d6a318b5b8d180fc29b9aa53ff0966e02391c17333818e94ffe9"
"md","deep-dive-workflow","bmm","bmm/1-analysis/bmad-document-project/workflows/deep-dive-workflow.md","a64d98dfa3b771df2853c4fa19a4e9c90d131e409e13b4c6f5e494d6ac715125"
"md","discover-inputs","bmm","bmm/4-implementation/bmad-create-story/discover-inputs.md","dfedba6a8ea05c9a91c6d202c4b29ee3ea793d8ef77575034787ae0fef280507"
"md","draft-and-review","bmm","bmm/1-analysis/bmad-product-brief/prompts/draft-and-review.md","e05a02ea67fcd0f4683b9c9bd42ac8673878d403e002037e3962062d11f69059"
"md","epics-template","bmm","bmm/3-solutioning/bmad-create-epics-and-stories/templates/epics-template.md","a804f740155156d89661fa04e7a4264a8f712c4dc227c44fd8ae804a9b0f6b72"
"md","explain-concept","bmm","bmm/1-analysis/bmad-agent-tech-writer/explain-concept.md","6ea82dbe4e41d4bb8880cbaa62d936e40cef18f8c038be73ae6e09c462abafc9"
"md","finalize","bmm","bmm/1-analysis/bmad-product-brief/prompts/finalize.md","973a3e2ae70f9c2413c5435591a4b8d1919e8a209c139d063483bc5028922ee3"
"md","full-scan-instructions","bmm","bmm/1-analysis/bmad-document-project/workflows/full-scan-instructions.md","2235945df2ae261265187447ce593238e132a026a9b88d3507a1f1d6808a0263"
"md","full-scan-workflow","bmm","bmm/1-analysis/bmad-document-project/workflows/full-scan-workflow.md","3bff88a392c16602bd44730f32483505e73e65e46e82768809c13a0a5f55608b"
"md","generate-trail","bmm","bmm/4-implementation/bmad-checkpoint-preview/generate-trail.md","4a5936d86fbe5a85285b4535097b1e2edda8849da35586f4b588a982d7224459"
"md","guided-elicitation","bmm","bmm/1-analysis/bmad-product-brief/prompts/guided-elicitation.md","db9c691986aeb9ccc2aae824eefabb1740e64920b5bb9a517e3b7d99bcaa3da5"
"md","index-template","bmm","bmm/1-analysis/bmad-document-project/templates/index-template.md","42c8a14f53088e4fda82f26a3fe41dc8a89d4bcb7a9659dd696136378b64ee90"
"md","instructions","bmm","bmm/1-analysis/bmad-document-project/instructions.md","9f4bc3a46559ffd44289b0d61a0f8f26f829783aa1c0e2a09dfa807fa93eb12f"
"md","internal-faq","bmm","bmm/1-analysis/bmad-prfaq/references/internal-faq.md","26eb83f844cda1ed8efb50f4703d61713ada8a64bd27eb387f759f858b5748de"
"md","mermaid-gen","bmm","bmm/1-analysis/bmad-agent-tech-writer/mermaid-gen.md","1d83fcc5fa842bc31ecd9fd7e45fbf013fabcadf0022d3391fff5b53b48e4b5d"
"md","opportunity-reviewer","bmm","bmm/1-analysis/bmad-product-brief/agents/opportunity-reviewer.md","3b6d770c45962397bfecce5d4b001b03fc0e577aa75f7932084b56efe41edc07"
"md","prd-purpose","bmm","bmm/2-plan-workflows/bmad-create-prd/data/prd-purpose.md","49c4641b91504bb14e3887029b70beacaff83a2de200ced4f8cb11c1356ecaee"
"md","prd-purpose","bmm","bmm/2-plan-workflows/bmad-edit-prd/data/prd-purpose.md","49c4641b91504bb14e3887029b70beacaff83a2de200ced4f8cb11c1356ecaee"
"md","prd-purpose","bmm","bmm/2-plan-workflows/bmad-validate-prd/data/prd-purpose.md","49c4641b91504bb14e3887029b70beacaff83a2de200ced4f8cb11c1356ecaee"
"md","prd-template","bmm","bmm/2-plan-workflows/bmad-create-prd/templates/prd-template.md","7ccccab9c06a626b7a228783b0b9b6e4172e9ec0b10d47bbfab56958c898f837"
"md","press-release","bmm","bmm/1-analysis/bmad-prfaq/references/press-release.md","c406adb0e2d2cc326cbc45d0174f89d014523448ad82bc272293999d22aec596"
"md","prfaq-template","bmm","bmm/1-analysis/bmad-prfaq/assets/prfaq-template.md","b27e6964f0437ab4e78c8c0ffbe5052c28e3b3ef2fc811726cbb394d5a5c7559"
"md","project-context-template","bmm","bmm/3-solutioning/bmad-generate-project-context/project-context-template.md","54e351394ceceb0ac4b5b8135bb6295cf2c37f739c7fd11bb895ca16d79824a5"
"md","project-overview-template","bmm","bmm/1-analysis/bmad-document-project/templates/project-overview-template.md","a7c7325b75a5a678dca391b9b69b1e3409cfbe6da95e70443ed3ace164e287b2"
"md","readiness-report-template","bmm","bmm/3-solutioning/bmad-check-implementation-readiness/templates/readiness-report-template.md","0da97ab1e38818e642f36dc0ef24d2dae69fc6e0be59924dc2dbf44329738ff6"
"md","research.template","bmm","bmm/1-analysis/research/bmad-domain-research/research.template.md","507bb6729476246b1ca2fca4693986d286a33af5529b6cd5cb1b0bb5ea9926ce"
"md","research.template","bmm","bmm/1-analysis/research/bmad-market-research/research.template.md","507bb6729476246b1ca2fca4693986d286a33af5529b6cd5cb1b0bb5ea9926ce"
"md","research.template","bmm","bmm/1-analysis/research/bmad-technical-research/research.template.md","507bb6729476246b1ca2fca4693986d286a33af5529b6cd5cb1b0bb5ea9926ce"
"md","skeptic-reviewer","bmm","bmm/1-analysis/bmad-product-brief/agents/skeptic-reviewer.md","fc1642dff30b49032db63f6518c5b34d3932c9efefaea2681186eb963b207b97"
"md","SKILL","bmm","bmm/1-analysis/bmad-agent-analyst/SKILL.md","dff8fbd39de875ccc6735204561f2b7b877788843ecd6e8b6001e7ca7f39641e"
"md","SKILL","bmm","bmm/1-analysis/bmad-agent-tech-writer/SKILL.md","d39ffa2a931361e9fea11ef5eb96da0fc6b8dbab70dc200142404a50b78e7665"
"md","SKILL","bmm","bmm/1-analysis/bmad-document-project/SKILL.md","efe25c8c27116faeeef119078953c38e827db787338fdb2dca65c086f42e0c4b"
"md","SKILL","bmm","bmm/1-analysis/bmad-prfaq/SKILL.md","9e864f574cc2e1411284edb625a17268aab1f894c46baac2edc3bcf1383adaca"
"md","SKILL","bmm","bmm/1-analysis/bmad-product-brief/SKILL.md","044459f71dd94177982629837d47c5e507599f351e0acbab0edf9d36e5f08d2e"
"md","SKILL","bmm","bmm/1-analysis/research/bmad-domain-research/SKILL.md","53d2ee5ccbd1d73290e752cff0235bfdb4928dc5ee70f347992ef15621341124"
"md","SKILL","bmm","bmm/1-analysis/research/bmad-market-research/SKILL.md","720183e577a5f6f307f320703a5ec522190723e957cfe6ad7821d8d833dea0c7"
"md","SKILL","bmm","bmm/1-analysis/research/bmad-technical-research/SKILL.md","1c4b61afaeedd3191db65923253be56084c64e4f832f0e2b9179671f91b5bf20"
"md","SKILL","bmm","bmm/2-plan-workflows/bmad-agent-pm/SKILL.md","3a8550daac2df2f01a7c04b66148c1e30b50f81730f043415f2a1aba6314f8a4"
"md","SKILL","bmm","bmm/2-plan-workflows/bmad-agent-ux-designer/SKILL.md","3ac99856f0ee9bae3ba05cefab32e90920b4a1fdf0e8c4bf9c440be31f9e5a1f"
"md","SKILL","bmm","bmm/2-plan-workflows/bmad-create-prd/SKILL.md","ada295172352839ec0c38c833387bf3d188052b054eeb44686b9ec075c4944f2"
"md","SKILL","bmm","bmm/2-plan-workflows/bmad-create-ux-design/SKILL.md","24a4123035194bd3517a059417dcd8114db90f99314ed1a51cfdbbaff02860b2"
"md","SKILL","bmm","bmm/2-plan-workflows/bmad-edit-prd/SKILL.md","b0ae6e77ca10f1869c5d3ff8f3ed4f8fe0b318982dde870cef944f18207e4197"
"md","SKILL","bmm","bmm/2-plan-workflows/bmad-validate-prd/SKILL.md","801127bfb5592608fb8e7d3e5d89f37e7c675ab4710520f87a5db4d8a8240d88"
"md","SKILL","bmm","bmm/3-solutioning/bmad-agent-architect/SKILL.md","1bb79ab9d9ae3180a6142d9d20c2a5cb15ad5d5f28e38a7f847295dd04d2299f"
"md","SKILL","bmm","bmm/3-solutioning/bmad-check-implementation-readiness/SKILL.md","c683db5628781e6dba6fad388ed65cf7561a208e773f72c786918743e379abef"
"md","SKILL","bmm","bmm/3-solutioning/bmad-create-architecture/SKILL.md","b12711f1655cb809bb74a3e11e40943dce225ccba9d01974d5bf521a5867ba23"
"md","SKILL","bmm","bmm/3-solutioning/bmad-create-epics-and-stories/SKILL.md","9db05e4a63ead6e416009fdec250bb9b749b361331964b601559ffeedd2f1c0f"
"md","SKILL","bmm","bmm/3-solutioning/bmad-generate-project-context/SKILL.md","3d8c20e13e62981464365509fc5e1dfd31e70a94e8c08b048a3e3866ea00ff43"
"md","SKILL","bmm","bmm/4-implementation/bmad-agent-dev/SKILL.md","ab47a75e3031bc58a9783e4f8dece8d44dfdacb7ba74cd56f766b260f9993218"
"md","SKILL","bmm","bmm/4-implementation/bmad-checkpoint-preview/SKILL.md","fcdd92af6b97ae64f99a89c37deef0074a974ffa577263e6c79c4b6734c63bda"
"md","SKILL","bmm","bmm/4-implementation/bmad-code-review/SKILL.md","6801f6742156f125185b1eb6e10c58dfde4ff6545b2e6278acf68cbcfbe0abe4"
"md","SKILL","bmm","bmm/4-implementation/bmad-correct-course/SKILL.md","25be5dd528b5c3996e5fa02fc30b72377f688436742c6962f4a1e9a2dac46e55"
"md","SKILL","bmm","bmm/4-implementation/bmad-create-story/SKILL.md","81517ba8ef137a15002d6d21ef18a1e88190c74ac9e0c5b29227e4059870809a"
"md","SKILL","bmm","bmm/4-implementation/bmad-dev-story/SKILL.md","5e7d3bca5051ff8f009bcf608e3fdac3260c2aa6faa8df170a954fe03a4a03f8"
"md","SKILL","bmm","bmm/4-implementation/bmad-qa-generate-e2e-tests/SKILL.md","ad6025f0279ef9fac2f6c76d8f612c37ccc23f8062b7ac0ac40708b49cc7db80"
"md","SKILL","bmm","bmm/4-implementation/bmad-quick-dev/SKILL.md","2b2e57e5327fc69962e6529a0c17498185b571646a9c7360e5c15be14ea7e63b"
"md","SKILL","bmm","bmm/4-implementation/bmad-retrospective/SKILL.md","997308d999545fa6c82b8652a2973e1d89d82cfbf892531e25e491291a95c33e"
"md","SKILL","bmm","bmm/4-implementation/bmad-sprint-planning/SKILL.md","21946cdaef8115deee6ce322c460e8af39368509d700c778cd7109f50a6821eb"
"md","SKILL","bmm","bmm/4-implementation/bmad-sprint-status/SKILL.md","2fe141bc2033ea341a73fb93349fcee0296d8d8714fcf984ab056bc0abae0a19"
"md","source-tree-template","bmm","bmm/1-analysis/bmad-document-project/templates/source-tree-template.md","109bc335ebb22f932b37c24cdc777a351264191825444a4d147c9b82a1e2ad7a"
"md","spec-template","bmm","bmm/4-implementation/bmad-quick-dev/spec-template.md","3ee15d5a63cf5eeee74149c590668fc61d0e44023eac12988a1ca2a9438a9d39"
"md","step-01-clarify-and-route","bmm","bmm/4-implementation/bmad-quick-dev/step-01-clarify-and-route.md","b5eb9f0cecf2a462885b8e7b4c21abbaec1e95c8abbd76bc410d9090fd8379f0"
"md","step-01-discover","bmm","bmm/3-solutioning/bmad-generate-project-context/steps/step-01-discover.md","8b2c8c7375f8a3c28411250675a28c0d0a9174e6c4e67b3d53619888439c4613"
"md","step-01-document-discovery","bmm","bmm/3-solutioning/bmad-check-implementation-readiness/steps/step-01-document-discovery.md","c763b512d55906122433cb65c1bcd5b5b283e45eacdc07281c8ec7596b6b3980"
"md","step-01-gather-context","bmm","bmm/4-implementation/bmad-code-review/steps/step-01-gather-context.md","d0ee7558605e9d48b5b6f15d9b535542eb6d922613f529bb520326eacade4171"
"md","step-01-init","bmm","bmm/1-analysis/research/bmad-domain-research/domain-steps/step-01-init.md","efee243f13ef54401ded88f501967b8bc767460cec5561b2107fc03fe7b7eab1"
"md","step-01-init","bmm","bmm/1-analysis/research/bmad-market-research/steps/step-01-init.md","64d5501aea0c0005db23a0a4d9ee84cf4e9239f553c994ecc6b1356917967ccc"
"md","step-01-init","bmm","bmm/1-analysis/research/bmad-technical-research/technical-steps/step-01-init.md","c9a1627ecd26227e944375eb691e7ee6bc9f5db29a428a5d53e5d6aef8bb9697"
"md","step-01-init","bmm","bmm/2-plan-workflows/bmad-create-prd/steps-c/step-01-init.md","922f59e960569f68bbf0d2c17ecdca74e9d9b92c6a802a5ea888e10774be7738"
"md","step-01-init","bmm","bmm/2-plan-workflows/bmad-create-ux-design/steps/step-01-init.md","0b257533a0ce34d792f621da35325ec11cb883653e3ad546221ee1f0dee5edcd"
"md","step-01-init","bmm","bmm/3-solutioning/bmad-create-architecture/steps/step-01-init.md","5119205b712ebda0cd241c3daad217bb0f6fa9e6cb41d6635aec6b7fe83b838a"
"md","step-01-orientation","bmm","bmm/4-implementation/bmad-checkpoint-preview/step-01-orientation.md","d9e3b949c36d49a025f3535773af2b51888fe4ce616b6d6d69683a122716b1d2"
"md","step-01-validate-prerequisites","bmm","bmm/3-solutioning/bmad-create-epics-and-stories/steps/step-01-validate-prerequisites.md","5c2aabc871363d84fc2e12fd83a3889e9d752b6bd330e31a0067c96204dd4880"
"md","step-01b-continue","bmm","bmm/2-plan-workflows/bmad-create-prd/steps-c/step-01b-continue.md","bdc3677aa220c4822b273d9bc8579669e003cc96d49475ddb3116bdef759cf04"
"md","step-01b-continue","bmm","bmm/2-plan-workflows/bmad-create-ux-design/steps/step-01b-continue.md","4d42c6b83eaa720975bf2206a7eea1a8c73ae922668cc2ef03d34c49ab066c19"
"md","step-01b-continue","bmm","bmm/3-solutioning/bmad-create-architecture/steps/step-01b-continue.md","4bf216008297dcea25f8be693109cf17879c621865b302c994cdd15aa5124e5f"
"md","step-02-context","bmm","bmm/3-solutioning/bmad-create-architecture/steps/step-02-context.md","4381c5128de7d5c02ac806a1263e3965754bd2598954f3188219fbd87567e5c9"
"md","step-02-customer-behavior","bmm","bmm/1-analysis/research/bmad-market-research/steps/step-02-customer-behavior.md","bac4de244049f90d1f2eb95e2cc9389cc84966d9538077fef1ec9c35e4533849"
"md","step-02-design-epics","bmm","bmm/3-solutioning/bmad-create-epics-and-stories/steps/step-02-design-epics.md","44b8859c4f9e6c8275b44be1c8d36f5360b54db7c54b8d4d1b61e865b33d51d8"
"md","step-02-discovery","bmm","bmm/2-plan-workflows/bmad-create-prd/steps-c/step-02-discovery.md","4ef0a3e62c05bfe90fbeca03d58ada11017098523a563003d574462d65f51e78"
"md","step-02-discovery","bmm","bmm/2-plan-workflows/bmad-create-ux-design/steps/step-02-discovery.md","9ffd5b31cc869b564e4d78cdc70767f0fb1b04db4c40201ccfa9dde75739fa8d"
"md","step-02-domain-analysis","bmm","bmm/1-analysis/research/bmad-domain-research/domain-steps/step-02-domain-analysis.md","385a288d9bbb0adf050bcce4da4dad198a9151822f9766900404636f2b0c7f9d"
"md","step-02-generate","bmm","bmm/3-solutioning/bmad-generate-project-context/steps/step-02-generate.md","b1f063edae66a74026b67a79a245cec7ee85438bafcacfc70dcf6006b495e060"
"md","step-02-plan","bmm","bmm/4-implementation/bmad-quick-dev/step-02-plan.md","72f4df415adceaaf554166983559e058c6a019d783d0f87cf42c401db3c5f52c"
"md","step-02-prd-analysis","bmm","bmm/3-solutioning/bmad-check-implementation-readiness/steps/step-02-prd-analysis.md","38be2bf4b924c0b5b395b57d68f685d790ade7b1a6c10993d3c550675f87d954"
"md","step-02-review","bmm","bmm/4-implementation/bmad-code-review/steps/step-02-review.md","1883758e0e91fba439497d04417f03d778f3f6fb12754f49aa8cfa5e15489f70"
"md","step-02-technical-overview","bmm","bmm/1-analysis/research/bmad-technical-research/technical-steps/step-02-technical-overview.md","9c7582241038b16280cddce86f2943216541275daf0a935dcab78f362904b305"
"md","step-02-walkthrough","bmm","bmm/4-implementation/bmad-checkpoint-preview/step-02-walkthrough.md","66cf893f8f968ee81034e9ccd8c20415692c3a8c23a9a143c2245fe6c800acdc"
"md","step-02b-vision","bmm","bmm/2-plan-workflows/bmad-create-prd/steps-c/step-02b-vision.md","641fcd72722c34850bf2daf38a4dfc544778999383aa9b33b4e7569de5860721"
"md","step-02c-executive-summary","bmm","bmm/2-plan-workflows/bmad-create-prd/steps-c/step-02c-executive-summary.md","7abf23a4ae7a7e1653cb86d90fdb1698cbe876628de3273b5638cfb05e34b615"
"md","step-03-competitive-landscape","bmm","bmm/1-analysis/research/bmad-domain-research/domain-steps/step-03-competitive-landscape.md","f10aa088ba00c59491507f6519fb314139f8be6807958bb5fd1b66bff2267749"
"md","step-03-complete","bmm","bmm/3-solutioning/bmad-generate-project-context/steps/step-03-complete.md","e61463db76a8fa060411aa24127aee936d646b97564e9e2a883494ea50e68464"
"md","step-03-core-experience","bmm","bmm/2-plan-workflows/bmad-create-ux-design/steps/step-03-core-experience.md","1f58c8a2f6872f468629ecb67e94f793af9d10d2804fe3e138eba03c090e00c5"
"md","step-03-create-stories","bmm","bmm/3-solutioning/bmad-create-epics-and-stories/steps/step-03-create-stories.md","c5b787a82e4e49ed9cd9c028321ee1689f32b8cd69d89eea609b37cd3d481afc"
"md","step-03-customer-pain-points","bmm","bmm/1-analysis/research/bmad-market-research/steps/step-03-customer-pain-points.md","5b2418ccaaa89291c593efed0311b3895faad1e9181800d382da823a8eb1312a"
"md","step-03-detail-pass","bmm","bmm/4-implementation/bmad-checkpoint-preview/step-03-detail-pass.md","d48163b9f305f15af57729a8443142e47beb6c3e977554afe12b39ee49cb9fc0"
"md","step-03-epic-coverage-validation","bmm","bmm/3-solutioning/bmad-check-implementation-readiness/steps/step-03-epic-coverage-validation.md","7b187f03a47cba0325fcfd10240410db9c59d93768342fc2dd3de2a01ec23356"
"md","step-03-implement","bmm","bmm/4-implementation/bmad-quick-dev/step-03-implement.md","4d848865eafe5eeba7d83529c766bd410a9cc20a05de1d6a764954c7275b4749"
"md","step-03-integration-patterns","bmm","bmm/1-analysis/research/bmad-technical-research/technical-steps/step-03-integration-patterns.md","005d517a2f962e2172e26b23d10d5e6684c7736c0d3982e27b2e72d905814ad9"
"md","step-03-starter","bmm","bmm/3-solutioning/bmad-create-architecture/steps/step-03-starter.md","b7727e0f37bc5325e15abad1c54bef716d617df423336090189efd1d307a0b3f"
"md","step-03-success","bmm","bmm/2-plan-workflows/bmad-create-prd/steps-c/step-03-success.md","3959db0848f9a4c99f80ac8d59855f9bb77f833475d3d5512e623d62b52b86dc"
"md","step-03-triage","bmm","bmm/4-implementation/bmad-code-review/steps/step-03-triage.md","91eaa27f6a167702ead00da9e93565c9bff79dce92c02eccbca61b1d1ed39a80"
"md","step-04-architectural-patterns","bmm","bmm/1-analysis/research/bmad-technical-research/technical-steps/step-04-architectural-patterns.md","4636f23e9c585a7a0c90437a660609d913f16362c3557fc2e71d408d6b9f46ce"
"md","step-04-customer-decisions","bmm","bmm/1-analysis/research/bmad-market-research/steps/step-04-customer-decisions.md","f0bc25f2179b7490e7a6704159a32fc9e83ab616022355ed53acfe8e2f7059d5"
"md","step-04-decisions","bmm","bmm/3-solutioning/bmad-create-architecture/steps/step-04-decisions.md","7fc0ebb63ab5ad0efc470f1063c15f14f52f5d855da2382fd17576cf060a8763"
"md","step-04-emotional-response","bmm","bmm/2-plan-workflows/bmad-create-ux-design/steps/step-04-emotional-response.md","75724811b170c8897e230a49e968e1db357fef3387008b0906b5ff79a43dbff9"
"md","step-04-final-validation","bmm","bmm/3-solutioning/bmad-create-epics-and-stories/steps/step-04-final-validation.md","6bca360ae367dbb5dd66e2b97e73ad0538c983bec6b5856adbb68d1239241a09"
"md","step-04-journeys","bmm","bmm/2-plan-workflows/bmad-create-prd/steps-c/step-04-journeys.md","a9f2b74f06230916f66a1cf42437e4173061a157642c5eaf0d985d4078872526"
"md","step-04-present","bmm","bmm/4-implementation/bmad-code-review/steps/step-04-present.md","eee5687e9d7da9a0aeffd78180b8289fca804fc2d59896db5f65a8dd476e4869"
"md","step-04-regulatory-focus","bmm","bmm/1-analysis/research/bmad-domain-research/domain-steps/step-04-regulatory-focus.md","d22035529efe91993e698b4ebf297bf2e7593eb41d185a661c357a8afc08977b"
"md","step-04-review","bmm","bmm/4-implementation/bmad-quick-dev/step-04-review.md","e62a50a37ab20eb426f5abd44179dfac51548707b5e85e6fe7817c144cbe3dae"
"md","step-04-testing","bmm","bmm/4-implementation/bmad-checkpoint-preview/step-04-testing.md","28a56e868968ea2d18add0df8c4bccced0f94b698e218df3d45ddac072ce369c"
"md","step-04-ux-alignment","bmm","bmm/3-solutioning/bmad-check-implementation-readiness/steps/step-04-ux-alignment.md","f71e5f0d77615e885ae40fdee6b04c1dd6e472c871f87b515fe869cb5f6966fb"
"md","step-05-competitive-analysis","bmm","bmm/1-analysis/research/bmad-market-research/steps/step-05-competitive-analysis.md","17532051ad232cfc859f09ac3b44f9f4d542eb24cff8d07317126ccdff0d225a"
"md","step-05-domain","bmm","bmm/2-plan-workflows/bmad-create-prd/steps-c/step-05-domain.md","983617d33fe6b7e911f34cf6a2adb86be595952ab9a7c7308e7f6b3858b39a12"
"md","step-05-epic-quality-review","bmm","bmm/3-solutioning/bmad-check-implementation-readiness/steps/step-05-epic-quality-review.md","d8a84e57f4e3a321734b5b5d093458ceb1e338744f18954c5a204f5ce3576185"
"md","step-05-implementation-research","bmm","bmm/1-analysis/research/bmad-technical-research/technical-steps/step-05-implementation-research.md","e2b8a2c79bcebadc85f3823145980fa47d7e7be8d1c112f686c6223c8c138608"
"md","step-05-inspiration","bmm","bmm/2-plan-workflows/bmad-create-ux-design/steps/step-05-inspiration.md","b0cadcd4665c46d2e6e89bdb45ddfdd4e4aac47b901e59aa156b935878a2b124"
"md","step-05-patterns","bmm","bmm/3-solutioning/bmad-create-architecture/steps/step-05-patterns.md","3c80aba507aa46893ef43f07c5c321b985632ef57abc82d5ee93c3d9c2911134"
"md","step-05-present","bmm","bmm/4-implementation/bmad-quick-dev/step-05-present.md","ea49ce8703d4946ec54a59ff428d52ad64ab2649f49c43230bec1f3d09e85b55"
"md","step-05-technical-trends","bmm","bmm/1-analysis/research/bmad-domain-research/domain-steps/step-05-technical-trends.md","fd6c577010171679f630805eb76e09daf823c2b9770eb716986d01f351ce1fb4"
"md","step-05-wrapup","bmm","bmm/4-implementation/bmad-checkpoint-preview/step-05-wrapup.md","c2d4dbc17fed4f8ecbfcb09a2f9c77f0d4562bd27397270e2c27ba37cf4fe073"
"md","step-06-design-system","bmm","bmm/2-plan-workflows/bmad-create-ux-design/steps/step-06-design-system.md","1c71e452916c5b9ed000af4dd1b83954ae16887463c73776251e1e734e7d7641"
"md","step-06-final-assessment","bmm","bmm/3-solutioning/bmad-check-implementation-readiness/steps/step-06-final-assessment.md","1b9c8c2a21950f85e052e05309bfcb3bfe38157ba6fca402ccf37444e7f1cee3"
"md","step-06-innovation","bmm","bmm/2-plan-workflows/bmad-create-prd/steps-c/step-06-innovation.md","a0b3863e11f1dc91c73871967c26c3a2746a11c29a1cd23ee000df5b6b22f1b3"
"md","step-06-research-completion","bmm","bmm/1-analysis/research/bmad-market-research/steps/step-06-research-completion.md","4f5d3158a8462656d6959d29544ed5c92cb925641e2205e47af05c124fcd7666"
"md","step-06-research-synthesis","bmm","bmm/1-analysis/research/bmad-domain-research/domain-steps/step-06-research-synthesis.md","805f2cb7005a4fb0c4da52ea38d45de863f3e840e0f2de1456c414831cdbdf59"
"md","step-06-research-synthesis","bmm","bmm/1-analysis/research/bmad-technical-research/technical-steps/step-06-research-synthesis.md","64d9303ef0c9ce839dc3b2d72e94e3e5b4673e82dc7fc9f1571bd0b03b3a43a7"
"md","step-06-structure","bmm","bmm/3-solutioning/bmad-create-architecture/steps/step-06-structure.md","f8333ca290b62849c1e2eb2f770b46705b09fe0322217b699b13be047efdd03e"
"md","step-07-defining-experience","bmm","bmm/2-plan-workflows/bmad-create-ux-design/steps/step-07-defining-experience.md","17f78d679a187cfb703c2cd30eea84d9dd683f3708d24885421239338eea4edd"
"md","step-07-project-type","bmm","bmm/2-plan-workflows/bmad-create-prd/steps-c/step-07-project-type.md","ba60660354a1aa7dff8a03bfff79ace4589af13e3a2945ae78157a33abd12f17"
"md","step-07-validation","bmm","bmm/3-solutioning/bmad-create-architecture/steps/step-07-validation.md","95c9c9102ddfb23969adecc84c45bc61aa1e58dbdff6d25111ac85e17ff99353"
"md","step-08-complete","bmm","bmm/3-solutioning/bmad-create-architecture/steps/step-08-complete.md","6466e5196be63e9e21b81d6fed45f1ff547d6ac739271201d6180febc857473d"
"md","step-08-scoping","bmm","bmm/2-plan-workflows/bmad-create-prd/steps-c/step-08-scoping.md","868accb05c998543ac01ae068c6316e408cbc4e450bf9cc10b16fe843956faa9"
"md","step-08-visual-foundation","bmm","bmm/2-plan-workflows/bmad-create-ux-design/steps/step-08-visual-foundation.md","985b4da65435114529056f33ff583ec4d1b29feb3550494ae741b6dbb89798a9"
"md","step-09-design-directions","bmm","bmm/2-plan-workflows/bmad-create-ux-design/steps/step-09-design-directions.md","07962c637e69a612a904efccf6188b7f08c9e484d4d7369c74cd0de7da0cb1e3"
"md","step-09-functional","bmm","bmm/2-plan-workflows/bmad-create-prd/steps-c/step-09-functional.md","4880a2f02fdc43964bd753c733c7800b9ccf6b1ccf194b2a8c3f09f1ad85843c"
"md","step-10-nonfunctional","bmm","bmm/2-plan-workflows/bmad-create-prd/steps-c/step-10-nonfunctional.md","afde3cd586227cec7863267518667605e9487025a9c0f3b7f220c66adbbc347c"
"md","step-10-user-journeys","bmm","bmm/2-plan-workflows/bmad-create-ux-design/steps/step-10-user-journeys.md","eabe15745e6b68df06833bca103c704d31094c8f070c84e35f1ee9b0c28d10bd"
"md","step-11-component-strategy","bmm","bmm/2-plan-workflows/bmad-create-ux-design/steps/step-11-component-strategy.md","52a1d0230160124496467ddbe26dd9cc4ae7d9afceaea987aad658e1bb195f59"
"md","step-11-polish","bmm","bmm/2-plan-workflows/bmad-create-prd/steps-c/step-11-polish.md","4271ae5026e30d807f1272b91161d57567badf0bd89e760ea067636d13f12223"
"md","step-12-complete","bmm","bmm/2-plan-workflows/bmad-create-prd/steps-c/step-12-complete.md","bb9471a4b14729785572480b1e0d9e57ab5a4580a04575aea1b1ea1e22971458"
"md","step-12-ux-patterns","bmm","bmm/2-plan-workflows/bmad-create-ux-design/steps/step-12-ux-patterns.md","37215fe8ea33247e9a31b5f8b8fe3b36448d7f743c18803e4d5054c201348be8"
"md","step-13-responsive-accessibility","bmm","bmm/2-plan-workflows/bmad-create-ux-design/steps/step-13-responsive-accessibility.md","cd4d4e2a307b4cbc805c6954860c93c14a11b74b1e206c45ff89f8b81ab03a62"
"md","step-14-complete","bmm","bmm/2-plan-workflows/bmad-create-ux-design/steps/step-14-complete.md","47880f82ada9f2edff8be144328f86fb683fd78aba64ec0ea9dfbff71732be00"
"md","step-e-01-discovery","bmm","bmm/2-plan-workflows/bmad-edit-prd/steps-e/step-e-01-discovery.md","5f733ce1dc3663fbbb1fe661471dc1fcb5a9c02621c1f5599bba5850dfe3b7a3"
"md","step-e-01b-legacy-conversion","bmm","bmm/2-plan-workflows/bmad-edit-prd/steps-e/step-e-01b-legacy-conversion.md","62bf07f0da57c4f87440b5db95928239527542b39be2ff806e85dfca8a0f7e40"
"md","step-e-02-review","bmm","bmm/2-plan-workflows/bmad-edit-prd/steps-e/step-e-02-review.md","e6a2025055840d5625fc2eec71209da1d63d6bf530c305d353b1d4500202d8bd"
"md","step-e-03-edit","bmm","bmm/2-plan-workflows/bmad-edit-prd/steps-e/step-e-03-edit.md","38d70a13738c87da364ca7dc5ef9270f84e3c24d5204cdad969e0269f1d55994"
"md","step-e-04-complete","bmm","bmm/2-plan-workflows/bmad-edit-prd/steps-e/step-e-04-complete.md","9689a795db6e55dd9b946f21b2c4e6a83004693938d9de833334ed76508ddb61"
"md","step-oneshot","bmm","bmm/4-implementation/bmad-quick-dev/step-oneshot.md","d68648848bb8277f5b762c3528c2aa42122268037b97d252a8f4faf4edb2830e"
"md","step-v-01-discovery","bmm","bmm/2-plan-workflows/bmad-validate-prd/steps-v/step-v-01-discovery.md","65c4686abf818f35eeeff7cf7d31646b9693f3b8aaaa04eac7c97e9be0572a57"
"md","step-v-02-format-detection","bmm","bmm/2-plan-workflows/bmad-validate-prd/steps-v/step-v-02-format-detection.md","c27ea549b1414a9a013c6e334daf278bc26e7101879fd5832eb57ed275daeb0d"
"md","step-v-02b-parity-check","bmm","bmm/2-plan-workflows/bmad-validate-prd/steps-v/step-v-02b-parity-check.md","5216fea52f9bbcb76a8ea9b9e80c98c51c529342e448dcf75c449ffa6fbaa45f"
"md","step-v-03-density-validation","bmm","bmm/2-plan-workflows/bmad-validate-prd/steps-v/step-v-03-density-validation.md","1eed2b7eea8745edefbee124e9c9aff1e75a1176b8ba3bad42cfcf9b7c2f2a1c"
"md","step-v-04-brief-coverage-validation","bmm","bmm/2-plan-workflows/bmad-validate-prd/steps-v/step-v-04-brief-coverage-validation.md","7b870fea072193271c9dc80966b0777cbc892a85912a273ba184f2d19fc68c47"
"md","step-v-05-measurability-validation","bmm","bmm/2-plan-workflows/bmad-validate-prd/steps-v/step-v-05-measurability-validation.md","06a8762b225e7d77f9c1b9f5be8783bcced29623f3a3bc8dbf7ea109b531c0ae"
"md","step-v-06-traceability-validation","bmm","bmm/2-plan-workflows/bmad-validate-prd/steps-v/step-v-06-traceability-validation.md","58b89788683540c3122f886ca7a6191866a3abb2851bd505faa3fc9ab46a73c4"
"md","step-v-07-implementation-leakage-validation","bmm","bmm/2-plan-workflows/bmad-validate-prd/steps-v/step-v-07-implementation-leakage-validation.md","aeab46b20c6aafc4b1d369c65ccf02a1fc5f7de60cbffddf7719e2899de6fe28"
"md","step-v-08-domain-compliance-validation","bmm","bmm/2-plan-workflows/bmad-validate-prd/steps-v/step-v-08-domain-compliance-validation.md","1be1de3adc40ded63e3662a75532fa1b13c28596b3b49204fbda310f6fa5f0da"
"md","step-v-09-project-type-validation","bmm","bmm/2-plan-workflows/bmad-validate-prd/steps-v/step-v-09-project-type-validation.md","fffbf78461186456a5ca72b2b9811cb391476c1d1af0301ff71b8f73198c88d1"
"md","step-v-10-smart-validation","bmm","bmm/2-plan-workflows/bmad-validate-prd/steps-v/step-v-10-smart-validation.md","81bf3fbe84054b51cb36b673a3877c65c9b790acd502a9a8a01f76899f5f4f4c"
"md","step-v-11-holistic-quality-validation","bmm","bmm/2-plan-workflows/bmad-validate-prd/steps-v/step-v-11-holistic-quality-validation.md","4be7756dce12a6c7c5de6a551716d9e3b1df1f5d9d87fc28efb95fe6960cd3ce"
"md","step-v-12-completeness-validation","bmm","bmm/2-plan-workflows/bmad-validate-prd/steps-v/step-v-12-completeness-validation.md","20371cf379d396292dd63ad721fe48258853048e10cd9ecb8998791194fe4236"
"md","step-v-13-report-complete","bmm","bmm/2-plan-workflows/bmad-validate-prd/steps-v/step-v-13-report-complete.md","67458c55a321c0d2857371a7588fbd387497570cd1b7c53f5a0cf558e1cdc325"
"md","sync-sprint-status","bmm","bmm/4-implementation/bmad-quick-dev/sync-sprint-status.md","c0f2fdb940984206a4b7aa2467fbcb7c4811f648634e43a488593974e9efff5e"
"md","template","bmm","bmm/4-implementation/bmad-create-story/template.md","29ba697368d77e88e88d0e7ac78caf7a78785a7dcfc291082aa96a62948afb67"
"md","ux-design-template","bmm","bmm/2-plan-workflows/bmad-create-ux-design/ux-design-template.md","ffa4b89376cd9db6faab682710b7ce755990b1197a8b3e16b17748656d1fca6a"
"md","validate-doc","bmm","bmm/1-analysis/bmad-agent-tech-writer/validate-doc.md","3b8d25f60be191716266726393f2d44b77262301b785a801631083b610d6acc5"
"md","verdict","bmm","bmm/1-analysis/bmad-prfaq/references/verdict.md","1a1cbc34090114d3a2b928456edec1563b73d84fea66c58e98780bf680f172ec"
"md","web-researcher","bmm","bmm/1-analysis/bmad-prfaq/agents/web-researcher.md","6e9127bb9bd3e4b15c701e4ced9eef328769262cd34eadc221bebe954c1f3aef"
"md","web-researcher","bmm","bmm/1-analysis/bmad-product-brief/agents/web-researcher.md","66aadb087f9bb3e7d05787c8f30237247ad3b90f241d342838e4ca95ed0d0260"
"md","write-document","bmm","bmm/1-analysis/bmad-agent-tech-writer/write-document.md","c0ddfd981f765b82cba0921dad331cd1fa32bacdeea1f02320edfd60a0ae7e6f"
"toml","customize","bmm","bmm/1-analysis/bmad-agent-analyst/customize.toml","7191f4a60ada7dbabe083699b2461f35778af7688924dc6ce05911cf1ffc9054"
"toml","customize","bmm","bmm/1-analysis/bmad-agent-tech-writer/customize.toml","bb828f2d26a136870099226f07c61297ce88ddd335823b7549592932bbe14a2e"
"toml","customize","bmm","bmm/1-analysis/bmad-document-project/customize.toml","3bbb5044fafdd865a5fe0863df116a479f30de7fb95c9cf4213f0b87ba1ba924"
"toml","customize","bmm","bmm/1-analysis/bmad-prfaq/customize.toml","8994f925bab65bd310e5ab38781286b6137f3e0c9e89f3ab8a2f480eb05e0de5"
"toml","customize","bmm","bmm/1-analysis/bmad-product-brief/customize.toml","0f10970bf0381458a6e3d2974958e5e52d7873beae61bf6c104303d37cff87f1"
"toml","customize","bmm","bmm/1-analysis/research/bmad-domain-research/customize.toml","462ef14dc1e1f6d145fdfe25e315168fd1fa278ea5f87fe0fa86689234daec2f"
"toml","customize","bmm","bmm/1-analysis/research/bmad-market-research/customize.toml","f47af9158893dd3f7ab81ac03cb07d8c76342eead61ec7c9a8a463066b7db9af"
"toml","customize","bmm","bmm/1-analysis/research/bmad-technical-research/customize.toml","7f567fddb04674f817398addbc06e6d1620883d89dcc7ac643c5a56eef5ac337"
"toml","customize","bmm","bmm/2-plan-workflows/bmad-agent-pm/customize.toml","c7c30e182fbff5e1cc4d329a99b0bf1188463d25d61b843847818c5bef0d4753"
"toml","customize","bmm","bmm/2-plan-workflows/bmad-agent-ux-designer/customize.toml","0d36c8ce31fe332770b2755a7e952dc102f184fb3275448bf6ac2ebc783ed03b"
"toml","customize","bmm","bmm/2-plan-workflows/bmad-create-prd/customize.toml","0c990af4c0a755402abbef893850bd542744a8b6f36c0587c9f3fb6dab6bf5e7"
"toml","customize","bmm","bmm/2-plan-workflows/bmad-create-ux-design/customize.toml","e51d02120e5e79788b183f1fb377f823f7626bac7702a6aa4dc6ddd0a3b00000"
"toml","customize","bmm","bmm/2-plan-workflows/bmad-edit-prd/customize.toml","35cc2dfb3eda73a0ae4dc987cac58867b25c43ce5c5a1bf552e215826ede6c22"
"toml","customize","bmm","bmm/2-plan-workflows/bmad-validate-prd/customize.toml","bfb3c8af5b81b2cdb9bb84f844f1b0dafc40d8c283effa6ad48db966b9446cef"
"toml","customize","bmm","bmm/3-solutioning/bmad-agent-architect/customize.toml","32e8074896a569ce59e4db62ab3b4af396798b8fa50c67449a5d90c2a7a7e074"
"toml","customize","bmm","bmm/3-solutioning/bmad-check-implementation-readiness/customize.toml","571d81087b7a6d914cf7c2f21aa26354eac385bb2f5cfeabc591892cbb98d036"
"toml","customize","bmm","bmm/3-solutioning/bmad-create-architecture/customize.toml","618be49b0286f18dfb4b6bac3d96bf1cf062994fa5278cd327be9898e651b43c"
"toml","customize","bmm","bmm/3-solutioning/bmad-create-epics-and-stories/customize.toml","da9e43605bc6aec83173050b5d37ede6aebfa9a17c5959a5029681d73e744ba3"
"toml","customize","bmm","bmm/3-solutioning/bmad-generate-project-context/customize.toml","00b6e893b93a1be7c04408f1824dad72c2c43ee02ba29210725e34394bf8225e"
"toml","customize","bmm","bmm/4-implementation/bmad-agent-dev/customize.toml","01a45ac2420f920cfc934de7b1a884b04017c85641085c93d9aada45d2dccf17"
"toml","customize","bmm","bmm/4-implementation/bmad-checkpoint-preview/customize.toml","1a1e0c3a8914adda3cec925eed51287e067c7f84120de64a8df53348e7b77de5"
"toml","customize","bmm","bmm/4-implementation/bmad-code-review/customize.toml","94ad662fdf3fda372c6e24b2cbda629d0b2aa851097d02afb5905c768b1a1cde"
"toml","customize","bmm","bmm/4-implementation/bmad-correct-course/customize.toml","78095d25afb5b2d4844956f61e9ac640a62d0245174fab9406e9c289f33fd84b"
"toml","customize","bmm","bmm/4-implementation/bmad-create-story/customize.toml","1204f6de064436922f2813069778eb4eaa5f1f945aa8ea5a5ffb87897a2ba8fe"
"toml","customize","bmm","bmm/4-implementation/bmad-dev-story/customize.toml","592fa7948c4614609a59b152518f518d35e0178d6aa7c22e169d78157fd9f5aa"
"toml","customize","bmm","bmm/4-implementation/bmad-qa-generate-e2e-tests/customize.toml","04a99926b2d79318b927434c7344dc666f143026ed99c7fcc0d6e3d68263ae66"
"toml","customize","bmm","bmm/4-implementation/bmad-quick-dev/customize.toml","5ba463713de51762eb381be787cbd657932333b808be370d851fc3e40f139e2f"
"toml","customize","bmm","bmm/4-implementation/bmad-retrospective/customize.toml","0b032c342129732820ca2db386d2d5e26d033d8ac296388fc9f2e78765fab9fb"
"toml","customize","bmm","bmm/4-implementation/bmad-sprint-planning/customize.toml","f7bde2f792e8604f26122ee792c5493e270710296044b07680db7d90e886caf3"
"toml","customize","bmm","bmm/4-implementation/bmad-sprint-status/customize.toml","96261fd227befaa4685b0a5091d3e85299d4ae8e4404176b42f5ef2e2fb501bd"
"yaml","config","bmm","bmm/config.yaml","2be13a2aa4976cc50e3fc1c13c1e857a1c829ad145f6cc3b464164c29a5d4341"
"yaml","sprint-status-template","bmm","bmm/4-implementation/bmad-sprint-planning/sprint-status-template.yaml","deeec135d875b107618dd41278349689b5f3dcb5894d7509909417a570f46fd9"
"toml","config","config.toml","config.toml","b98c1bd0a012e7cc104a836d89d61b0279b6ef0110343aad0893e4dc51bbab80"
"toml","config.user","config.user.toml","config.user.toml","3068e0f26c3c4061604600c7159e6ea5bb13d5d875e8c02f9f3c47ae856300b3"
"csv","brain-methods","core","core/bmad-brainstorming/brain-methods.csv","0ab5878b1dbc9e3fa98cb72abfc3920a586b9e2b42609211bb0516eefd542039"
"csv","methods","core","core/bmad-advanced-elicitation/methods.csv","e08b2e22fec700274982e37be608d6c3d1d4d0c04fa0bae05aa9dba2454e6141"
"csv","module-help","core","core/module-help.csv","1eddc9d8b3d3c060cc58bfda3a77d2a696260e461701877905061d3a58591c8f"
"md","compression-rules","core","core/bmad-distillator/resources/compression-rules.md","86e53d6a2072b379864766681d1cc4e1aad3d4428ecca8c46010f7364da32724"
"md","distillate-compressor","core","core/bmad-distillator/agents/distillate-compressor.md","c00da33b39a43207a224c4043d1aa4158e90e41ab421fff0ea7cc55beec81ef8"
"md","distillate-format-reference","core","core/bmad-distillator/resources/distillate-format-reference.md","616488300d40c6de2f0a69ee153258ed4664e9763048f3993db8efd2adca1706"
"md","round-trip-reconstructor","core","core/bmad-distillator/agents/round-trip-reconstructor.md","47c83f4a37249ddac38460d8c95d162f6fc175a8919888e8090aed71bd9383bc"
"md","SKILL","core","core/bmad-advanced-elicitation/SKILL.md","705cc827cab892855d07dcc926f5c9f749c3abab33e915d6ac1574aec174896b"
"md","SKILL","core","core/bmad-brainstorming/SKILL.md","f4a2c22b40ed34cdbd3282dd6161a3b869902f3bc75b58e181fc9faf78eedd9d"
"md","SKILL","core","core/bmad-customize/SKILL.md","7617ef46b179e2b9aec7e7176933fd65dcba8fd0ca188ea8beb8cee1dedf449c"
"md","SKILL","core","core/bmad-distillator/SKILL.md","756ee0706ff6b8a3d5726b465e81ba244e4eaeba21b7de0d2390473acebb5ddc"
"md","SKILL","core","core/bmad-editorial-review-prose/SKILL.md","b3687fe80567378627bc2a0c5034ae8d65dfeedcf2b6c90da077f4feca462d0c"
"md","SKILL","core","core/bmad-editorial-review-structure/SKILL.md","164444359d74f695a84faf7ea558d0eef39c75561e6b26669f97a165c6f75538"
"md","SKILL","core","core/bmad-help/SKILL.md","cd7096b2ff55b2b87e12d6b9c4c9ea13dfca78c49299a09327c97107f9531da8"
"md","SKILL","core","core/bmad-index-docs/SKILL.md","a855d7060414e73ca4fe8e1a3e1cc4d0f2ce394846e52340bdf5a1317e0d234a"
"md","SKILL","core","core/bmad-party-mode/SKILL.md","bd13fd6cb0b0c61d215e4c394cf4b7cac3a465394c3918f4dc14910513ddb898"
"md","SKILL","core","core/bmad-review-adversarial-general/SKILL.md","7bffc39e6dba4d9123648c5d4d79e17c3c5b1efbd927c3fe0026c2dbb8d99cff"
"md","SKILL","core","core/bmad-review-edge-case-hunter/SKILL.md","f49ed9976f46b4cefa1fc8b4f0a495f16089905e6a7bbf4ce73b8f05c9ae3ee6"
"md","SKILL","core","core/bmad-shard-doc/SKILL.md","3a1538536514725fd4f31aded280ee56b9645fc61d114fd94aacb3ac52304e52"
"md","splitting-strategy","core","core/bmad-distillator/resources/splitting-strategy.md","26d3ed05f912cf99ff9ebe2353f2d84d70e3e852e23a32b1215c13416ad708b5"
"md","step-01-session-setup","core","core/bmad-brainstorming/steps/step-01-session-setup.md","7fd2aed9527ccdf35fc86bd4c9b27b4a530b5cfdfb90ae2b7385d3185bcd60bc"
"md","step-01b-continue","core","core/bmad-brainstorming/steps/step-01b-continue.md","49f8d78290291f974432bc8e8fce340de58ed62aa946e9e3182858bf63829920"
"md","step-02a-user-selected","core","core/bmad-brainstorming/steps/step-02a-user-selected.md","7ff3bca27286d17902ecea890494599796633e24a25ea6b31bbd6c3d2e54eba2"
"md","step-02b-ai-recommended","core","core/bmad-brainstorming/steps/step-02b-ai-recommended.md","cb77b810e0c98e080b4378999f0e250bacba4fb74c1bcb0a144cffe9989d2cbd"
"md","step-02c-random-selection","core","core/bmad-brainstorming/steps/step-02c-random-selection.md","91c6e16213911a231a41b1a55be7c939e7bbcd1463bd49cb03b5b669a90c0868"
"md","step-02d-progressive-flow","core","core/bmad-brainstorming/steps/step-02d-progressive-flow.md","6b6fbbd34bcf334d79f09e8c36ed3c9d55ddd3ebb8f8f77aa892643d1a4e3436"
"md","step-03-technique-execution","core","core/bmad-brainstorming/steps/step-03-technique-execution.md","b97afefd4ccc5234e554a3dfc5555337269ce171e730b250c756718235e9df60"
"md","step-04-idea-organization","core","core/bmad-brainstorming/steps/step-04-idea-organization.md","acb7eb6a54161213bb916cabf7d0d5084316704e792a880968fc340855cdcbbb"
"md","template","core","core/bmad-brainstorming/template.md","5c99d76963eb5fc21db96c5a68f39711dca7c6ed30e4f7d22aedee9e8bb964f9"
"md","workflow","core","core/bmad-brainstorming/workflow.md","74c87846a5cda7a4534ea592ea3125a8d8a1a88d19c94f5f4481fb28d0d16bf2"
"py","analyze_sources","core","core/bmad-distillator/scripts/analyze_sources.py","31e2a8441c3c43c2536739c580cdef6abecb18ff20e7447f42dd868875783166"
"py","list_customizable_skills","core","core/bmad-customize/scripts/list_customizable_skills.py","8787f542930b927789e7fdf12bc5a67ff08e19865903a5ad05ff2cc8fc426b66"
"py","test_analyze_sources","core","core/bmad-distillator/scripts/tests/test_analyze_sources.py","d90525311f8010aaf8d7d9212a370468a697866190bae78c35d0aae9b7f23fdf"
"py","test_list_customizable_skills","core","core/bmad-customize/scripts/tests/test_list_customizable_skills.py","b55fc2e454f245753874f359c18ade9f3ad04debd66176c6e6bf3e403ca9c812"
"yaml","config","core","core/config.yaml","89a56db3ed772b51c423c4ac5500bf896c4a4a46c295bdc751a315a608792427"
"file",".gitignore","custom","custom/.gitignore","973b03a33f142c22cf9b65be285bebadd85790b6b55be04637d2f8c716f58fab"
"csv","documentation-requirements","gds","gds/workflows/gds-document-project/documentation-requirements.csv","efc91d54787939a2dd2c22400e6b9b6f58835a741ea557e8971b5b333ce666e8"
"csv","domain-complexity","gds","gds/workflows/2-design/gds-create-prd/data/domain-complexity.csv","4b0d69891b11300bd9228ccfa84a508e76cb702e7abddfc394c5e98d7d3680e1"
"csv","domain-complexity","gds","gds/workflows/2-design/gds-validate-prd/data/domain-complexity.csv","4b0d69891b11300bd9228ccfa84a508e76cb702e7abddfc394c5e98d7d3680e1"
"csv","game-brain-methods","gds","gds/workflows/1-preproduction/gds-brainstorm-game/game-brain-methods.csv","f6fb96d2134a941ad0dd6cbdcb7bdcc01b7c04b1009e196cf859fc330f843bdb"
"csv","game-types","gds","gds/workflows/2-design/gds-create-gdd/game-types.csv","4f4a61090a084188178340aa08edaa8f3a08029bac7f01f23f228723b9524a59"
"csv","genre-complexity","gds","gds/workflows/2-design/gds-validate-gdd/data/genre-complexity.csv","61b2b1e2c6e2f0b9531b6a0beae959e0b9e440e1b27cf544b2c82c6b58dd3ce1"
"csv","module-help","gds","gds/module-help.csv","3feee7f980f84202dacede86afd0fd2bfe435fa688164357d161d1b75d040ccf"
"csv","pattern-categories","gds","gds/workflows/3-technical/gds-game-architecture/pattern-categories.csv","490bb6b7d5abfd5c1b20dca04399870c030b5d5d2db7148621d43f08044616e8"
"csv","project-types","gds","gds/workflows/2-design/gds-create-prd/data/project-types.csv","2ea18a3e100f51cf26f0311949e7b7f76c6005e85271df0afd8d1b5632faaf57"
"csv","project-types","gds","gds/workflows/2-design/gds-validate-prd/data/project-types.csv","2ea18a3e100f51cf26f0311949e7b7f76c6005e85271df0afd8d1b5632faaf57"
"csv","qa-index","gds","gds/agents/gds-agent-game-dev/gametest/qa-index.csv","a94275a48134c19edbd8b4c457dfbde049e003cbce0a86a4c79b19ca91809dc2"
"json","project-scan-report-schema","gds","gds/workflows/gds-document-project/templates/project-scan-report-schema.json","4c27adf9407907f31150d03d233f782f165aae9f754ecfa5532d0eed36c8bc94"
"md","action-platformer","gds","gds/workflows/2-design/gds-create-gdd/game-types/action-platformer.md","f711632d2a1067243347cfa5686488377421b8a0337e32ab06031c7d1051cb76"
"md","adventure","gds","gds/workflows/2-design/gds-create-gdd/game-types/adventure.md","2a242677235821099af6adcfc4a17dbeabe9ad914fb5c4599eab4f8691c86402"
"md","architecture-template","gds","gds/workflows/3-technical/gds-game-architecture/templates/architecture-template.md","1522ecf71409013bd057b8bc175744c9c0d988ae1c50f197c342ad26e8ece1d2"
"md","backlog-template","gds","gds/workflows/4-production/gds-code-review/backlog-template.md","42c4a61b30a8d1bfc670934db31622097b679ceee80f7744de823a77fa6ccd42"
"md","balance-testing","gds","gds/agents/gds-agent-game-dev/gametest/knowledge/balance-testing.md","aeea1da343ec80b7fbec0cc6ddc49cc70f9be1d6240644c3f065b42322886f0b"
"md","card-game","gds","gds/workflows/2-design/gds-create-gdd/game-types/card-game.md","63a72a7cd8e9c15ff0778ca2af49ee146daf7a8d0772f83afc6e8421b088b1fd"
"md","certification-testing","gds","gds/agents/gds-agent-game-dev/gametest/knowledge/certification-testing.md","70a96efd6ba9f726057a896d0107d0f35f390749da8da373565e5b2f2b2fbfea"
"md","checklist","gds","gds/workflows/1-preproduction/gds-create-game-brief/checklist.md","ddb4129f1f7474f25e78a4836410d6b3432ee5c6344414647ce3c8c3af1c56f5"
"md","checklist","gds","gds/workflows/2-design/gds-create-gdd/checklist.md","43da9cadbca5dc6a18f998560ac85cb471ebf265ed1fc292b30b5e5046f424a2"
"md","checklist","gds","gds/workflows/2-design/gds-create-narrative/checklist.md","e780d2703a61e6f9b6bdf0d624671140a9b93e42cdf9dcd521f41d5a7be9f967"
"md","checklist","gds","gds/workflows/3-technical/gds-game-architecture/checklist.md","0df887272138bfb3d05d963ef24648b5338d22f8cbe8c58b539ee38b977f42aa"
"md","checklist","gds","gds/workflows/4-production/gds-code-review/checklist.md","dce9eaefa805082b447b2db3cef98cba72d71eb9fae62c7ebd5c0760340134cb"
"md","checklist","gds","gds/workflows/4-production/gds-correct-course/checklist.md","93b788cba72feb78f46c69590b985bedc623fe0f873d928012f75f9e083d8327"
"md","checklist","gds","gds/workflows/4-production/gds-create-story/checklist.md","0291e068003dda0359c41b925beee202ad083e632061e26fa37bdfb9f09cd6c6"
"md","checklist","gds","gds/workflows/4-production/gds-dev-story/checklist.md","277b5b2157d37162ed6eb1b4cdfe08bb4100fe719994a8ac8d019339a458995b"
"md","checklist","gds","gds/workflows/4-production/gds-sprint-planning/checklist.md","cc4f8e9411dbf9e644333790f867d74027aae3721cbc7f11d574536bf903a0aa"
"md","checklist","gds","gds/workflows/gametest/gds-e2e-scaffold/checklist.md","4bef23b4063d2f6caf26d9d2baba4cc69ea2c54c3f6096c70de80b5b8fd1b130"
"md","checklist","gds","gds/workflows/gametest/gds-performance-test/checklist.md","985a67a8c278f43096b9f52c59182e8de9ae9a55b04808fb740951809a3f96a5"
"md","checklist","gds","gds/workflows/gametest/gds-playtest-plan/checklist.md","d79ecf7b93060a46d9912a90973eab3d0dfeac68815b5275d2c1a5f7416cf952"
"md","checklist","gds","gds/workflows/gametest/gds-test-automate/checklist.md","83290eb804ca6b3d4283c7f69db1d9fb3160b8da708639303177c71af4408f2e"
"md","checklist","gds","gds/workflows/gametest/gds-test-design/checklist.md","5542d92ad346ebfb86a2415a2217707ca76b3d39bf234280062a31b6e28bf875"
"md","checklist","gds","gds/workflows/gametest/gds-test-framework/checklist.md","6ecc1995f2e0f94984d65a7b246a30e9bddaed217f0a48127e022254ee3c356e"
"md","checklist","gds","gds/workflows/gametest/gds-test-review/checklist.md","1f4abe8931ba4964d8db592cdad287df858f834c45cadd20bf7e1588ada5d2ee"
"md","checklist","gds","gds/workflows/gds-document-project/checklist.md","3b6856939315f71dc3ecc5a098c961fdc9f3615d3a032f0bc3dad565ac17bc38"
"md","compatibility-testing","gds","gds/agents/gds-agent-game-dev/gametest/knowledge/compatibility-testing.md","1a26a1726abb77f7b482ba35d16f17ab574bfd62b4a025565e8645bae228fe6a"
"md","compile-epic-context","gds","gds/workflows/gds-quick-flow/gds-quick-dev/compile-epic-context.md","b02345c6be80db6e429384bb108f3cb66547622edde43d42c498283322633dc3"
"md","deep-dive-instructions","gds","gds/workflows/gds-document-project/workflows/deep-dive-instructions.md","fb4dc4211f52fc4fa5c75d7e6bfecc7acfb5109a7dcf00a34be676a262b445ee"
"md","deep-dive-template","gds","gds/workflows/gds-document-project/templates/deep-dive-template.md","2d098bb425f58d1d49ab5c6b7c1a8c92af9271d281bacafe000fed059a1a206d"
"md","deep-dive-workflow","gds","gds/workflows/gds-document-project/workflows/deep-dive-workflow.md","9b84b4700af5ee54d102e98a9945ba0d26dcb3ea1f7a1ce9d7e5d9726e92a414"
"md","discover-inputs","gds","gds/workflows/4-production/gds-code-review/discover-inputs.md","19c9b1d6635fc013c8ce62c266cb72314206beb832e397b9b6c17c94df697ac1"
"md","discover-inputs","gds","gds/workflows/4-production/gds-create-story/discover-inputs.md","19c9b1d6635fc013c8ce62c266cb72314206beb832e397b9b6c17c94df697ac1"
"md","documentation-standards","gds","gds/agents/gds-agent-tech-writer/documentation-standards.md","6e7ac71138275d95c3c9160f3dffe1d6c4cc77bb97231b60b5463a6cdf42adba"
"md","e2e-testing","gds","gds/agents/gds-agent-game-dev/gametest/knowledge/e2e-testing.md","c3b6738f5dfc5e19699eb7a976ab53367762a6504ec1efd7c045926ea69707b7"
"md","epics-template","gds","gds/workflows/3-technical/gds-create-epics-and-stories/templates/epics-template.md","019cede457d98e414a76128b817cbc33f60b5d775ed93837ab9953ce82875ff1"
"md","explain-concept","gds","gds/agents/gds-agent-tech-writer/explain-concept.md","f9406f0372e600449fafc235202b61c9f4c385f84f9fbd16fc1b9890596ea1c1"
"md","fighting","gds","gds/workflows/2-design/gds-create-gdd/game-types/fighting.md","a3da81cf6924927931eb7338753ae8a03028a7e5e26a31428c737a151e02950f"
"md","full-scan-instructions","gds","gds/workflows/gds-document-project/workflows/full-scan-instructions.md","55da299a8362b3ebfb576d3d4c8243b4e6c94f3427ba74e16dea94ff6346da01"
"md","full-scan-workflow","gds","gds/workflows/gds-document-project/workflows/full-scan-workflow.md","89561790ea8024466557750cfe47a94b5e2402f471b60292d64cf73bd718819e"
"md","game-brief-template","gds","gds/workflows/1-preproduction/gds-create-game-brief/templates/game-brief-template.md","f2c83b06e8e403bb946de0bed6e4245c66e3b0202d9790432f56319cb8b661be"
"md","game-context","gds","gds/workflows/1-preproduction/gds-brainstorm-game/game-context.md","d362430b87dfe8a9b8c3bf9ae6820235b0d46bbed326591cbb58acdb5ff70640"
"md","gdd-purpose","gds","gds/workflows/2-design/gds-edit-gdd/data/gdd-purpose.md","f8b843b41291af4a6918004f5027aa9a1341965741ab089bc46efdeb9f9ea03b"
"md","gdd-purpose","gds","gds/workflows/2-design/gds-validate-gdd/data/gdd-purpose.md","f8b843b41291af4a6918004f5027aa9a1341965741ab089bc46efdeb9f9ea03b"
"md","gdd-template","gds","gds/workflows/2-design/gds-create-gdd/templates/gdd-template.md","791dfdf0ac71a2e249984c07ca47938dcc2c602c935547124cb1eeccd3d1fbaf"
"md","godot-engine","gds","gds/workflows/3-technical/gds-game-architecture/knowledge/godot-engine.md","f554b80ed5aa61d8ac4fd2fb384aea46e38eef1695744bedddb88e24e445f2e9"
"md","godot-testing","gds","gds/agents/gds-agent-game-dev/gametest/knowledge/godot-testing.md","ccfdf5f7ecbc33bd3f5549bfcd47c991e6cd0c8d32719ad838e80406eda3b825"
"md","horror","gds","gds/workflows/2-design/gds-create-gdd/game-types/horror.md","7ae5d591692bf36b014da7ca3b9683d6dfe744e9a85915bc18b8e8639122a2aa"
"md","idle-incremental","gds","gds/workflows/2-design/gds-create-gdd/game-types/idle-incremental.md","410e8aa9473ef6189bc550de4721336ae3a9a1a82663388a9cea2a42726bd908"
"md","index-template","gds","gds/workflows/gds-document-project/templates/index-template.md","0e077c2d9d9ccb149a64ed82e67914d90571e23696687cf7a08ac5f2a8b18306"
"md","input-testing","gds","gds/agents/gds-agent-game-dev/gametest/knowledge/input-testing.md","832d5183c9629e2423cc7221781afc87459cb9f735b2fc60257165d33736ecc6"
"md","instructions","gds","gds/workflows/gds-document-project/instructions.md","b812c674e04bcb7a82cbb89f71daae35713c7448569260ad61be8e081d375062"
"md","localization-testing","gds","gds/agents/gds-agent-game-dev/gametest/knowledge/localization-testing.md","3ac685205ac1d8dea63574a98501f5636614fbf2933d555d718acb0dbf3d3f4b"
"md","mermaid-gen","gds","gds/agents/gds-agent-tech-writer/mermaid-gen.md","f1af20cff1ddb4294f1b671eebcb80ebe515278e57ff53c4886798ba97b9f6c4"
"md","metroidvania","gds","gds/workflows/2-design/gds-create-gdd/game-types/metroidvania.md","2faa33591d6bac3c0e8c4cafe823d94b9f5f9236a1c22d38683fdb784c156b85"
"md","moba","gds","gds/workflows/2-design/gds-create-gdd/game-types/moba.md","9871adb9aacf4e503f4f339e5028a30ca16916e53770038c5568eb13f961acbb"
"md","multiplayer-testing","gds","gds/agents/gds-agent-game-dev/gametest/knowledge/multiplayer-testing.md","fa00a075cdbcbf21ae921148c33647280ad12b4c88f2eba3854d24c7b060824b"
"md","narrative-template","gds","gds/workflows/2-design/gds-create-narrative/templates/narrative-template.md","e12110346082ed4cbd444fce0ba0e1cc5c074dfd72ce503f00ce4df24bbf3ef3"
"md","party-game","gds","gds/workflows/2-design/gds-create-gdd/game-types/party-game.md","7de09c182571046e25d2f4c4bdaa8a1dd2a96c8a50606bcf253ed8ba370ddae1"
"md","performance-template","gds","gds/workflows/gametest/gds-performance-test/performance-template.md","71097a22589f0c21af4c32df7b63699b7b54174f1fae96dc482c5f3d27daa6e4"
"md","performance-testing","gds","gds/agents/gds-agent-game-dev/gametest/knowledge/performance-testing.md","572f7ca584e08bb876be2fc64ba6895decc96780cbe9b4c8e8de7730d07ad929"
"md","phaser-engine","gds","gds/workflows/3-technical/gds-game-architecture/knowledge/phaser-engine.md","9e399909bb7a7b1c8264f90230fa0f395794d4ee0987efe553c77b0da7be45ba"
"md","playtest-template","gds","gds/workflows/gametest/gds-playtest-plan/playtest-template.md","3c6120ba19f21440cec2817a4a8722509b65ac73b98f6768d3fb33a14c005cbb"
"md","playtesting","gds","gds/agents/gds-agent-game-dev/gametest/knowledge/playtesting.md","38dd38b24e7996323a3c78f74f9786340f22ee11ff857d42e45cdd7080cecca5"
"md","prd-purpose","gds","gds/workflows/2-design/gds-create-prd/data/prd-purpose.md","22ba989ca8aa4757d46e35736fef51272913acabb6e763bcbdb6f8d718324966"
"md","prd-purpose","gds","gds/workflows/2-design/gds-edit-prd/data/prd-purpose.md","22ba989ca8aa4757d46e35736fef51272913acabb6e763bcbdb6f8d718324966"
"md","prd-purpose","gds","gds/workflows/2-design/gds-validate-prd/data/prd-purpose.md","22ba989ca8aa4757d46e35736fef51272913acabb6e763bcbdb6f8d718324966"
"md","prd-template","gds","gds/workflows/2-design/gds-create-prd/templates/prd-template.md","d474ed4ecb6d4a627c9da54ed8d79f156671d7557a7e6a64c9f24c29b8216a71"
"md","project-context-template","gds","gds/workflows/3-technical/gds-generate-project-context/project-context-template.md","3cc240744e23cdb1048b76ecc2c0cfccb5ba1140ec9dfb47a19587a59f321c87"
"md","project-overview-template","gds","gds/workflows/gds-document-project/templates/project-overview-template.md","fd1ae5724b19829feb79245b5249c3ebf3cee30d07776939d87c7563e5bf76fd"
"md","puzzle","gds","gds/workflows/2-design/gds-create-gdd/game-types/puzzle.md","0e127487feb570735f166a7e51ecbdd69d7cb7de73439c62ef5e87b6e5b6b8f9"
"md","qa-automation","gds","gds/agents/gds-agent-game-dev/gametest/knowledge/qa-automation.md","fae6a6e9977cf52b10fffc85c5be41fe5c11c5aec9b885f44d42e37513b9f370"
"md","racing","gds","gds/workflows/2-design/gds-create-gdd/game-types/racing.md","e2c21ad6ae9bfdf1a309dc5a3ba3390dfb7de9a98bdfb4d7723e2c04750c9878"
"md","readiness-report-template","gds","gds/workflows/3-technical/gds-check-implementation-readiness/templates/readiness-report-template.md","79e63524734308aca3ff4c40fdfaf87521bcea2e94ad0583b47d15915d800733"
"md","regression-testing","gds","gds/agents/gds-agent-game-dev/gametest/knowledge/regression-testing.md","b35564996e952fe1e32c1d59d69e8ceb76dbe3cf96a852ff119082d281d00e77"
"md","research.template","gds","gds/workflows/1-preproduction/research/gds-domain-research/research.template.md","94f97bc59c113d947c6f2e1166095e1eebd8aadffb03d4bd188aeec9e51366d6"
"md","research.template","gds","gds/workflows/1-preproduction/research/research.template.md","94f97bc59c113d947c6f2e1166095e1eebd8aadffb03d4bd188aeec9e51366d6"
"md","rhythm","gds","gds/workflows/2-design/gds-create-gdd/game-types/rhythm.md","099462e504db8de6fe4e6176a2e0667a2beb3700147d733a4e5a44f7aba4d9d1"
"md","roguelike","gds","gds/workflows/2-design/gds-create-gdd/game-types/roguelike.md","13db5439305b6f8c5a985839552326ca0da359d861251b10f7585b7f123a848c"
"md","rpg","gds","gds/workflows/2-design/gds-create-gdd/game-types/rpg.md","861d9a803a43e4b95f048a0ff274ef56dbbfb8d83fea696237814731ae13e4f4"
"md","sandbox","gds","gds/workflows/2-design/gds-create-gdd/game-types/sandbox.md","404b16e49aefdeda1e022a07fb680a1584c0e1a00ddda003e80eab748e01d270"
"md","save-testing","gds","gds/agents/gds-agent-game-dev/gametest/knowledge/save-testing.md","c354bbbe048c32fbd8bf581de329ff933ec28e044b431888f8ca53d76434eaf1"
"md","shooter","gds","gds/workflows/2-design/gds-create-gdd/game-types/shooter.md","185d8722cf25471768440921b7b5bdca8bf58464358bd50556811fa0746e3e0c"
"md","simulation","gds","gds/workflows/2-design/gds-create-gdd/game-types/simulation.md","bbb0c3dd09cb4289c2d297aeb49d1b0261151037dd8728fddee8ab7683bfc995"
"md","SKILL","gds","gds/agents/gds-agent-game-architect/SKILL.md","aa214f8f7a59c8b05a3352d36c9a731e7133c7d59590ea0ffc3845b571f85e50"
"md","SKILL","gds","gds/agents/gds-agent-game-designer/SKILL.md","8cbb51f54c4de2760cebf75fb3af680ad13613df6887e169219c7f02079f7173"
"md","SKILL","gds","gds/agents/gds-agent-game-dev/SKILL.md","dea2f9a52528ecaa5f9a51e59742549d61aba3fa25cb3bcee1723d98c46ecd3c"
"md","SKILL","gds","gds/agents/gds-agent-game-solo-dev/SKILL.md","a8d62c013da1c2e796f58ea6e3ec8e31da0e15edb44c8591c4746d560de65bea"
"md","SKILL","gds","gds/agents/gds-agent-tech-writer/SKILL.md","44d26524e37f1d4aada6f4eacfaaf189d149a6101ac6c93fd6fdef4de8b9ca54"
"md","SKILL","gds","gds/workflows/1-preproduction/gds-brainstorm-game/SKILL.md","8344b2d12a196229432af94f132f89919e73b6efa2c2665d13b6565154b3f89f"
"md","SKILL","gds","gds/workflows/1-preproduction/gds-create-game-brief/SKILL.md","84521e3b3616db9fbb19fc79a8f77db861fe139b245d66adc35dc49fb8b0fc9b"
"md","SKILL","gds","gds/workflows/1-preproduction/research/gds-domain-research/SKILL.md","6153e050a47ea4b35eff1e25396fc04f59cd21d099fe365b13f7df99aa928e46"
"md","SKILL","gds","gds/workflows/2-design/gds-create-gdd/SKILL.md","18410f66906662f025b1355e8157dc608f0af633a4a46ac5e9d293188e71c7a0"
"md","SKILL","gds","gds/workflows/2-design/gds-create-narrative/SKILL.md","b5eeba9ee52074983f1d835639026f73248edc0704e02abd7ce5a3ef96d7079e"
"md","SKILL","gds","gds/workflows/2-design/gds-create-prd/SKILL.md","54ad24b8990afe6c0aff0362c095cfaa55f747519938b66ac1ed22cbfb9ffdad"
"md","SKILL","gds","gds/workflows/2-design/gds-create-ux-design/SKILL.md","c2e0a2de46ea7b511b648b04eead2166653cca4db319a7c2547149873b514cef"
"md","SKILL","gds","gds/workflows/2-design/gds-edit-gdd/SKILL.md","81b4837d0230abc6d230648cc04f28b7eee5010ecad677c94c6bb70e527a04d7"
"md","SKILL","gds","gds/workflows/2-design/gds-edit-prd/SKILL.md","77baab8a123b4677ef48660ca2a3f3062293fbeacb0703b5701c5cf9bca002bf"
"md","SKILL","gds","gds/workflows/2-design/gds-validate-gdd/SKILL.md","855f60423c7705941b1dc01fe87b78280a5421bcd558a80a00c992f17d9fe9dc"
"md","SKILL","gds","gds/workflows/2-design/gds-validate-prd/SKILL.md","22ecb473b5078912e3fc8bc0a6f3ec385d990110ff2fd6eae80ce3abd9fe4998"
"md","SKILL","gds","gds/workflows/3-technical/gds-check-implementation-readiness/SKILL.md","4e14c87cccf1c62b76cc992b50aaa64c05c3b5c8ea0eb10a6f25fc4178ce5191"
"md","SKILL","gds","gds/workflows/3-technical/gds-create-epics-and-stories/SKILL.md","3738293ef7c91bdc73e2957e05b5110d9c662aa7be8ba557e17a7466472d42b3"
"md","SKILL","gds","gds/workflows/3-technical/gds-game-architecture/SKILL.md","33df8a8f17907f9eaaab9ac8fab3072413a7b05bc6fb6ac19318c3bedccf8642"
"md","SKILL","gds","gds/workflows/3-technical/gds-generate-project-context/SKILL.md","7cd45ee5fc424da816d710f2e31dbce360273aeb0673313861f9042abb37fec0"
"md","SKILL","gds","gds/workflows/4-production/gds-code-review/SKILL.md","91ee9f3547d20daf2d517beadf8e22a06c4a8bde36f55ae4046e88f1988be654"
"md","SKILL","gds","gds/workflows/4-production/gds-correct-course/SKILL.md","04fdefd9501143e8fe78fc6a5b5cef5d6f704b2786a493d32a1b43e4c7e7a20c"
"md","SKILL","gds","gds/workflows/4-production/gds-create-story/SKILL.md","10d9c711132629b68b4ec2d8cd2c454f5c155651e85d71e86bfb9b83d5424d5a"
"md","SKILL","gds","gds/workflows/4-production/gds-dev-story/SKILL.md","eda4731db99e85d1f8978f9d87eb802ddc6f025478c08a4c34cbb3af79c14b91"
"md","SKILL","gds","gds/workflows/4-production/gds-retrospective/SKILL.md","13b167b66e2d0cbe25c33fb9580500b8bbb11a057dd84030c961bc0cddef65d5"
"md","SKILL","gds","gds/workflows/4-production/gds-sprint-planning/SKILL.md","79450adab1e5b065452991aeaaa00444e22bbba958c9d9064127fac7ca06f90f"
"md","SKILL","gds","gds/workflows/4-production/gds-sprint-status/SKILL.md","302bdee9ee926b2f1d8b437947ee327366c20fe28539b84d60ecb602f64c984f"
"md","SKILL","gds","gds/workflows/gametest/gds-e2e-scaffold/SKILL.md","4ff511c5a797a6ee6c6c906769059328270af327afc7fa2f7cb72a2f71aed0c1"
"md","SKILL","gds","gds/workflows/gametest/gds-performance-test/SKILL.md","9d3613e06a2e8384c200330bf6829418a4a97e33c1055d7b6a79bb845a5b7690"
"md","SKILL","gds","gds/workflows/gametest/gds-playtest-plan/SKILL.md","679e61c66ddf53aa2d835c38ce43d3c187dc5a24df4c8af31c0ec471b4ce7f55"
"md","SKILL","gds","gds/workflows/gametest/gds-test-automate/SKILL.md","220831b294ce69fdcb897a7ee7cc1ae46b67c6cef06dc08c5f6c0dd7177f24bc"
"md","SKILL","gds","gds/workflows/gametest/gds-test-design/SKILL.md","2cec2a429e283fa30f84384e72099e0546963f02c1971dc2a04f53ff3fb0bf6a"
"md","SKILL","gds","gds/workflows/gametest/gds-test-framework/SKILL.md","34013256390567f5b1e38b6f1c77d9effeef4ba8745fe8555462fe7803b8a026"
"md","SKILL","gds","gds/workflows/gametest/gds-test-review/SKILL.md","3de7a69d68db339c47144cbd6b346fa526fedbf3a380b4027a5d7385a8dcc6b9"
"md","SKILL","gds","gds/workflows/gds-document-project/SKILL.md","70d8d59c68f17fa7b93f74820ba95ab22a7a694f4a286eae93bff8dceeb5d64a"
"md","SKILL","gds","gds/workflows/gds-quick-flow/gds-quick-dev/SKILL.md","2f3ce14dabfa71e1150a77d1c5ca77595abcf407cb9238476e67c5bed0c720ec"
"md","smoke-testing","gds","gds/agents/gds-agent-game-dev/gametest/knowledge/smoke-testing.md","1b33fe5eb2305103b96cd4a755640f4fa08f8ffc8c59a0fe04110c1532078866"
"md","source-tree-template","gds","gds/workflows/gds-document-project/templates/source-tree-template.md","f0094b1e0a9770c8c408b86f978b660c253fe99affcf2b67e1cf7aa9b40e74cb"
"md","spec-template","gds","gds/workflows/gds-quick-flow/gds-quick-dev/spec-template.md","487c3f3452077635d1232b77d9deae5e777b07d33ed95421b1e97740a0105c73"
"md","sports","gds","gds/workflows/2-design/gds-create-gdd/game-types/sports.md","f2f582cd89412e803f9714e5f44ee9854ed2d1a2debd588900fc1792756057b7"
"md","step-01-clarify-and-route","gds","gds/workflows/gds-quick-flow/gds-quick-dev/step-01-clarify-and-route.md","4b97ae77da087dad53987bb88c31c201404ead3df139ffb9a732d57ebb35c089"
"md","step-01-discover","gds","gds/workflows/3-technical/gds-generate-project-context/steps/step-01-discover.md","54cfaa77d7528d319a089bc1f97f1d8b6d421688e7e888faaf0bac7d387f0c4e"
"md","step-01-document-discovery","gds","gds/workflows/3-technical/gds-check-implementation-readiness/steps/step-01-document-discovery.md","67bb32cc42c91561da6572c237c3a76b14e6eef9b029255a3d102324dfc9debf"
"md","step-01-gather-context","gds","gds/workflows/4-production/gds-code-review/steps/step-01-gather-context.md","21650361b3eb0aeb5786a8f42abb3ce1b950a74480af00f89ef2dea54b483b5e"
"md","step-01-init","gds","gds/workflows/1-preproduction/gds-brainstorm-game/steps/step-01-init.md","1ff70772967978d0b33223060a8e6f897648d03364ffccb7703064e6e0e163e7"
"md","step-01-init","gds","gds/workflows/1-preproduction/gds-create-game-brief/steps/step-01-init.md","a920df98ab213afab0e49da9ec403a3344a590f316e8c61f62e6ca24354cabd2"
"md","step-01-init","gds","gds/workflows/1-preproduction/research/gds-domain-research/domain-steps/step-01-init.md","50a57ffaeee886b1d568a4dff195e41dccaff3074d8ae1fa40d3783b76538a3c"
"md","step-01-init","gds","gds/workflows/1-preproduction/research/market-steps/step-01-init.md","c272fa3e7c7b62a769c5fc9d349c9cbb605e00f3f2c1f0726bf50bfe0365508c"
"md","step-01-init","gds","gds/workflows/1-preproduction/research/technical-steps/step-01-init.md","3d3aaf2c1c1d7635382eee728d989e6afdb6ddc5f9a3343a7787cc33b7d1d25b"
"md","step-01-init","gds","gds/workflows/2-design/gds-create-gdd/steps-c/step-01-init.md","c7347610201dd5c1c2b415febd4454f45387da58ed1392fd27d1f2ca0ba7c4d8"
"md","step-01-init","gds","gds/workflows/2-design/gds-create-narrative/steps/step-01-init.md","80fa152485fa00a72a9d98dcd923fcb5a85391d149b0a475e7a4361f5632b1c6"
"md","step-01-init","gds","gds/workflows/2-design/gds-create-prd/steps-c/step-01-init.md","7b2b06135ea2b10fedd5f8772f46a44aa6a899c8aec52d3610b0c8a443acb160"
"md","step-01-init","gds","gds/workflows/2-design/gds-create-ux-design/steps/step-01-init.md","f531a5ca115f36c9521d7a05ebb468037f6f7875088aa5c5698eae39f3d6bdf5"
"md","step-01-init","gds","gds/workflows/3-technical/gds-game-architecture/steps/step-01-init.md","4933385115381fca3f3099ab1d7b10be8664b213487a37b83d0610a494db78e3"
"md","step-01-validate-prerequisites","gds","gds/workflows/3-technical/gds-create-epics-and-stories/steps/step-01-validate-prerequisites.md","29d905e7f96d184a51ec87c5eba64f7dd491b970b9702761f2023eafb9a29ab4"
"md","step-01b-continue","gds","gds/workflows/1-preproduction/gds-create-game-brief/steps/step-01b-continue.md","8ceb5147a796bed749d759eac7b4fba7c1784fd119273aafa7ddf5702292f7ba"
"md","step-01b-continue","gds","gds/workflows/2-design/gds-create-gdd/steps-c/step-01b-continue.md","0a9d0cf2f94aca1123169c1b638369d048fce292b524a1a4ce32cbbb17c2656a"
"md","step-01b-continue","gds","gds/workflows/2-design/gds-create-narrative/steps/step-01b-continue.md","6dd451f21ec91ec1b2cce70729621c29b82b541671e45b3d4c0a6b28201f6435"
"md","step-01b-continue","gds","gds/workflows/2-design/gds-create-prd/steps-c/step-01b-continue.md","dcbc9127ff17faaa4f541591467f6928de0f7189ec1cf6534ea8120a60cec2b3"
"md","step-01b-continue","gds","gds/workflows/2-design/gds-create-ux-design/steps/step-01b-continue.md","2aac065c9932aa7b1c89ff6f435d8963e8127dfb63bf9f870dcc078621186e2f"
"md","step-01b-continue","gds","gds/workflows/3-technical/gds-game-architecture/steps/step-01b-continue.md","9da4da6cfaf16677f84211244831c53db2d97aaf5b32c63c3da7b859b9c42a6c"
"md","step-02-context","gds","gds/workflows/1-preproduction/gds-brainstorm-game/steps/step-02-context.md","b492108bab992b0a92926d10eac1a0891d6166f40be27858d30d7b63a1559d65"
"md","step-02-context","gds","gds/workflows/2-design/gds-create-gdd/steps-c/step-02-context.md","a4ec61474d4a1dca37c250378663101f44ec20bad8161911c2788253f52d0d1a"
"md","step-02-context","gds","gds/workflows/3-technical/gds-game-architecture/steps/step-02-context.md","d1efaa2520c5e60e89de3e44c35f8276cc8be67b7189265072a0fb5cfb745240"
"md","step-02-customer-behavior","gds","gds/workflows/1-preproduction/research/market-steps/step-02-customer-behavior.md","d0acc9ffd4d803fe1253ef226efe841b9be64b72cd15fe6043554aee4ae02233"
"md","step-02-design-epics","gds","gds/workflows/3-technical/gds-create-epics-and-stories/steps/step-02-design-epics.md","f30b46f088a8540e9da56a98946ac163fa28365395a564176de20ee2d3d44138"
"md","step-02-discovery","gds","gds/workflows/2-design/gds-create-prd/steps-c/step-02-discovery.md","a01dd36b136c664a50e18a4da597a323519cb5f2adfe5c96f62dc8c05345a968"
"md","step-02-discovery","gds","gds/workflows/2-design/gds-create-ux-design/steps/step-02-discovery.md","e642fae97e94a4e633b5d2fb307b0ac57d229656fc69a79910786997902aed3e"
"md","step-02-domain-analysis","gds","gds/workflows/1-preproduction/research/gds-domain-research/domain-steps/step-02-domain-analysis.md","6fe5a82ef0098b47a6a73d34b21c95e10619fdd2d1600582848b8456b749ca35"
"md","step-02-foundation","gds","gds/workflows/2-design/gds-create-narrative/steps/step-02-foundation.md","2a18e26816771ef3decf3a78b0c8d7a3607cc83fdea2f12786098d8b0f4468ea"
"md","step-02-gdd-analysis","gds","gds/workflows/3-technical/gds-check-implementation-readiness/steps/step-02-gdd-analysis.md","9e9141a287b508ddb3fc756d0e90bd97b3c73800a69a939122f4db8f68297b4f"
"md","step-02-generate","gds","gds/workflows/3-technical/gds-generate-project-context/steps/step-02-generate.md","b4399f61060ccf7509fc4fca8a83643738d58a17501fe321a7e6fb1d6dd0161a"
"md","step-02-plan","gds","gds/workflows/gds-quick-flow/gds-quick-dev/step-02-plan.md","200066b9fee83d8bf4fc3602d9f14d801bc94a4b707749976e478bf7eb330bba"
"md","step-02-review","gds","gds/workflows/4-production/gds-code-review/steps/step-02-review.md","dc07246edb40551cbdb0ba894bf582e402c2962cec15b6a4acd0fde11cc9d125"
"md","step-02-technical-overview","gds","gds/workflows/1-preproduction/research/technical-steps/step-02-technical-overview.md","18f72e6505845fb730b10ac218dcf4706b7515a71d365df338d52345598c8b71"
"md","step-02-vision","gds","gds/workflows/1-preproduction/gds-create-game-brief/steps/step-02-vision.md","b8154145d6fc433a7752e5314b0b06fc97e2a044b59e95a57839856cf19f37f9"
"md","step-02b-vision","gds","gds/workflows/2-design/gds-create-prd/steps-c/step-02b-vision.md","016b437dd95ff630bda0c1daf10da1345ff8f681d6f87a5cd093f244e4b3a5df"
"md","step-02c-executive-summary","gds","gds/workflows/2-design/gds-create-prd/steps-c/step-02c-executive-summary.md","5c02859008bd87cc18b6a24ecfdcc1b0f37a7b5f962d11d39a999ff5fc5b14f3"
"md","step-03-competitive-landscape","gds","gds/workflows/1-preproduction/research/gds-domain-research/domain-steps/step-03-competitive-landscape.md","a4e67a4cc2d7f0e88e07bbf431c7d94f51dbb505f4171a6eefcba6cfb208dcd2"
"md","step-03-complete","gds","gds/workflows/3-technical/gds-generate-project-context/steps/step-03-complete.md","bfd4bf883c03d034ea8459669cf94f4ccd266705c5f775d023c1ec121e106922"
"md","step-03-core-experience","gds","gds/workflows/2-design/gds-create-ux-design/steps/step-03-core-experience.md","672f6f03adaf6f9a1bf3bcc3f9ae3a4442e0e871cfce2b4eeb2ef8cd3a044e8a"
"md","step-03-create-stories","gds","gds/workflows/3-technical/gds-create-epics-and-stories/steps/step-03-create-stories.md","c5dc8ec2d39d5d2636041e446bbcfedfcae9b5d9a836a1c38eba984446cc6819"
"md","step-03-customer-pain-points","gds","gds/workflows/1-preproduction/research/market-steps/step-03-customer-pain-points.md","d1164ce4735f4c51aad6e7b4386a46d2ad4fc6b4f5261e0321f1600b3e9676b9"
"md","step-03-epic-coverage-validation","gds","gds/workflows/3-technical/gds-check-implementation-readiness/steps/step-03-epic-coverage-validation.md","382801a2562cd967e222fbe94385573c5bd910c778647b33efdd794c45cac0b2"
"md","step-03-ideation","gds","gds/workflows/1-preproduction/gds-brainstorm-game/steps/step-03-ideation.md","ea47b3ca902f1a95c8e88c80021cc7546180fbb4aed83ff2ec084591a058eb9d"
"md","step-03-implement","gds","gds/workflows/gds-quick-flow/gds-quick-dev/step-03-implement.md","88d95ac3c7fea6ba9a77ed4407722b1a23bc24ae1f4475ce30d1bf5660919c81"
"md","step-03-integration-patterns","gds","gds/workflows/1-preproduction/research/technical-steps/step-03-integration-patterns.md","bf8ad84331a789d30e336d00b1e1393a6a8b1a629385188702d0b604e6de2593"
"md","step-03-market","gds","gds/workflows/1-preproduction/gds-create-game-brief/steps/step-03-market.md","8d043cc2dedcb3bb3e985526f5f36d56138d0884d2143e9a29454800209e877a"
"md","step-03-platforms","gds","gds/workflows/2-design/gds-create-gdd/steps-c/step-03-platforms.md","1066fc9907a1d76105c4f1c2193eb06d950283a8dde61b6256c269abf7bfb3f3"
"md","step-03-starter","gds","gds/workflows/3-technical/gds-game-architecture/steps/step-03-starter.md","5301eaf40c947fa6fad969428383c1c0c8059bb9a05ba27c4b97a0b4eee2d36b"
"md","step-03-story","gds","gds/workflows/2-design/gds-create-narrative/steps/step-03-story.md","8690444cbcc77ad7553eb177157808d251246a4724f02c4ee80551f3de387285"
"md","step-03-success","gds","gds/workflows/2-design/gds-create-prd/steps-c/step-03-success.md","aa15ea548bc61037619e87e712ae26860005527352c7f1f9cc4fc66b6383a0c2"
"md","step-03-triage","gds","gds/workflows/4-production/gds-code-review/steps/step-03-triage.md","71b71f5de086cc4380937f8e348adc02f639f869236101ea00009c38dcb05578"
"md","step-04-architectural-patterns","gds","gds/workflows/1-preproduction/research/technical-steps/step-04-architectural-patterns.md","04c66d9c259b57dacdb28e637b5028b170ec481ddf756f373c1faf79e07381cc"
"md","step-04-characters","gds","gds/workflows/2-design/gds-create-narrative/steps/step-04-characters.md","c5078c1b54062ad265a1f2b5a1925e7e77f7a1179dd0cd1f1b87cf38e8085cc1"
"md","step-04-complete","gds","gds/workflows/1-preproduction/gds-brainstorm-game/steps/step-04-complete.md","65c9f8794a6e9d964e7624900ca507a8753044b64cb8f7c4067d399a30e725ac"
"md","step-04-customer-decisions","gds","gds/workflows/1-preproduction/research/market-steps/step-04-customer-decisions.md","f085e1468499cdd13a865be589eaacd8505303e0db409bbc67ab33410b80d6ea"
"md","step-04-decisions","gds","gds/workflows/3-technical/gds-game-architecture/steps/step-04-decisions.md","0236744da07d0750839f455e7ab97480ddf276999dcc500cc4ea433f9eae3f1d"
"md","step-04-emotional-response","gds","gds/workflows/2-design/gds-create-ux-design/steps/step-04-emotional-response.md","8ba1619a23548d54c2a73fdf3be55a289abc6464e776165a5536f4f98ee134e1"
"md","step-04-final-validation","gds","gds/workflows/3-technical/gds-create-epics-and-stories/steps/step-04-final-validation.md","7623bf9c81b0689edf0da2ba376e3248abb67aa8427c04e20b2528a76780603a"
"md","step-04-fundamentals","gds","gds/workflows/1-preproduction/gds-create-game-brief/steps/step-04-fundamentals.md","f66e11ed493f9b05887362efe6eb95b8aa914157dbf189a8b71208db53b43994"
"md","step-04-journeys","gds","gds/workflows/2-design/gds-create-prd/steps-c/step-04-journeys.md","6bbbd301aa1a2b2cdb4e0a0b31a87afeffd392943e28f827f4bf916aba308104"
"md","step-04-present","gds","gds/workflows/4-production/gds-code-review/steps/step-04-present.md","89de20e88a37f373d138f35231bf8894824f56c6e4bb3918cb24ad2d72aeb80b"
"md","step-04-regulatory-focus","gds","gds/workflows/1-preproduction/research/gds-domain-research/domain-steps/step-04-regulatory-focus.md","8a2b9622263b7ec614f487f72e2c879c478639f5bb9d7f6f201a5a3b0745fcb2"
"md","step-04-review","gds","gds/workflows/gds-quick-flow/gds-quick-dev/step-04-review.md","63afa2cbd8ee736c0c0813c5deba28d942b0a668570cf81d2a0b079c32edd7ba"
"md","step-04-ux-alignment","gds","gds/workflows/3-technical/gds-check-implementation-readiness/steps/step-04-ux-alignment.md","1db7f77eb51c51bf8fa57bec7756bf72e6044d824ad2fee0b1944000a2c9fee7"
"md","step-04-vision","gds","gds/workflows/2-design/gds-create-gdd/steps-c/step-04-vision.md","26993fdd05dd0e91b7305726c716b91ce1d9a1176fffd86aa867c0c9963d6ac3"
"md","step-05-competitive-analysis","gds","gds/workflows/1-preproduction/research/market-steps/step-05-competitive-analysis.md","1fb1ddf478d2e61fd51084d8cd272cec99f22c7be68aad4405fe8adc3261ffef"
"md","step-05-core-gameplay","gds","gds/workflows/2-design/gds-create-gdd/steps-c/step-05-core-gameplay.md","e9442f67972a9915ec5bfbd3cde47599e4afaf9f3e3ec9333316f300458aac41"
"md","step-05-crosscutting","gds","gds/workflows/3-technical/gds-game-architecture/steps/step-05-crosscutting.md","7a05593a0ccf48b0b0a9623ef9455bca63c8d0bec6e83d5c44f9dc4598aec80d"
"md","step-05-domain","gds","gds/workflows/2-design/gds-create-prd/steps-c/step-05-domain.md","7e221a7d5788a2913b70b5c97590d29f79c2aa9d5b1eef2b84606781ef79daae"
"md","step-05-epic-quality-review","gds","gds/workflows/3-technical/gds-check-implementation-readiness/steps/step-05-epic-quality-review.md","e8df458084637eb3b2e426835ab500af53deb642bcbe09f35c2b257d159ca9b3"
"md","step-05-implementation-research","gds","gds/workflows/1-preproduction/research/technical-steps/step-05-implementation-research.md","471ec015a842d425f5d3b86af556ab1e322762ca763e604e70cf2191e407f489"
"md","step-05-inspiration","gds","gds/workflows/2-design/gds-create-ux-design/steps/step-05-inspiration.md","56df236ca8fcd2f7659f67f708f4e5dd63133926771df47db8c2309605f20b08"
"md","step-05-present","gds","gds/workflows/gds-quick-flow/gds-quick-dev/step-05-present.md","fda340fc6f5d935fabeefa770bc5d66a4c44ef5e0928acb56b1f90a560a423ab"
"md","step-05-scope","gds","gds/workflows/1-preproduction/gds-create-game-brief/steps/step-05-scope.md","0a20fc4acb6752878394e47c181b8719a7052226c0f24571d315a6810273ff7d"
"md","step-05-technical-trends","gds","gds/workflows/1-preproduction/research/gds-domain-research/domain-steps/step-05-technical-trends.md","e7b184a75617338b9ae2834d1d3b16cbe33c49131bfd2486e731c20305005975"
"md","step-05-world","gds","gds/workflows/2-design/gds-create-narrative/steps/step-05-world.md","d8457ce14c7692d2218d2e6daab5c3e82ad50acf22d0a4655efcd57d19bd652e"
"md","step-06-design-system","gds","gds/workflows/2-design/gds-create-ux-design/steps/step-06-design-system.md","d46a5eb992c7b6e3c299c69f0861783da9871e8c98135868a40e1ce65c795bed"
"md","step-06-dialogue","gds","gds/workflows/2-design/gds-create-narrative/steps/step-06-dialogue.md","78c12fd2a8e3450c56b31cc8690b6e3ed9484aef0a51478c0e9b4befbf0f6511"
"md","step-06-final-assessment","gds","gds/workflows/3-technical/gds-check-implementation-readiness/steps/step-06-final-assessment.md","7bd152dc32f2740f63c0f2232ba5ef25688da0c75c4f081f4f90b4d28190600d"
"md","step-06-innovation","gds","gds/workflows/2-design/gds-create-prd/steps-c/step-06-innovation.md","f9c0d65d7346a213166040eb13ffe40db0f2fc1e115aa394e4d0c9ca6e3b7638"
"md","step-06-mechanics","gds","gds/workflows/2-design/gds-create-gdd/steps-c/step-06-mechanics.md","3f38fd1e71f3b9ba0b3dd752c452699b835bc87a5921a179042d5953a64264c8"
"md","step-06-references","gds","gds/workflows/1-preproduction/gds-create-game-brief/steps/step-06-references.md","1766591650b86361b913088968af5a303ab5966d873773079cb27f2745e40063"
"md","step-06-research-completion","gds","gds/workflows/1-preproduction/research/market-steps/step-06-research-completion.md","87cec5d054bdd13b6a61498b99ba958f5f4a58e30810629780d78932da549f23"
"md","step-06-research-synthesis","gds","gds/workflows/1-preproduction/research/gds-domain-research/domain-steps/step-06-research-synthesis.md","c2113b9578201d118767b900c836681742b5a8755fe45ca45db9ffdf88b659eb"
"md","step-06-research-synthesis","gds","gds/workflows/1-preproduction/research/technical-steps/step-06-research-synthesis.md","6a8d076da0d142acab6688aa5f0ae5f919200922cc4eb94818d9c1d66755c1ee"
"md","step-06-structure","gds","gds/workflows/3-technical/gds-game-architecture/steps/step-06-structure.md","c7832281301c17063332b5d47df63c42b2b52e22676b3b9cf78e85f94db78078"
"md","step-07-content","gds","gds/workflows/1-preproduction/gds-create-game-brief/steps/step-07-content.md","22603c5a05a3d30e01670466edd9a7a9231b47644782b86f3509ab0ef04805ac"
"md","step-07-defining-experience","gds","gds/workflows/2-design/gds-create-ux-design/steps/step-07-defining-experience.md","2d323096113d8f71371209190f612342f109f7a05ac32468d9daba7d882d1a69"
"md","step-07-environmental","gds","gds/workflows/2-design/gds-create-narrative/steps/step-07-environmental.md","573b4518b79a24b05d48f8b162c7b44adcd5be866681f2c64e3f6a02ed0ea7b8"
"md","step-07-game-type","gds","gds/workflows/2-design/gds-create-gdd/steps-c/step-07-game-type.md","018ca9aa55360d89c79a587b22ef32b95655b5b428ff392fbfdacf053f6b65ed"
"md","step-07-patterns","gds","gds/workflows/3-technical/gds-game-architecture/steps/step-07-patterns.md","4d967525580633257e473d9b7df442e2ccf6f09609dce0f422d0251e56dda0ff"
"md","step-07-project-type","gds","gds/workflows/2-design/gds-create-prd/steps-c/step-07-project-type.md","9429ad6d9290cf193a81ba20051251a8acaa68c1424add702d2ab8c30aca8474"
"md","step-08-complete","gds","gds/workflows/1-preproduction/gds-create-game-brief/steps/step-08-complete.md","c07811b5d968b8649c89bd9cf1ee735c4aceb606dd9149095f59ca87202c1ea5"
"md","step-08-delivery","gds","gds/workflows/2-design/gds-create-narrative/steps/step-08-delivery.md","3a5ac4ba10450c3e4ebde521771ad5b1f605470fc7d5d04d5b7bbdd46256b3d8"
"md","step-08-progression","gds","gds/workflows/2-design/gds-create-gdd/steps-c/step-08-progression.md","7db3426b58af8658902da43c0d587c1165d8295f8cfc0c5d85f9810b89e567a4"
"md","step-08-scoping","gds","gds/workflows/2-design/gds-create-prd/steps-c/step-08-scoping.md","3a689709d4f0819fd56387995c551c7f2099ca2b2e2dbe8f1491e381f5f9b7d9"
"md","step-08-validation","gds","gds/workflows/3-technical/gds-game-architecture/steps/step-08-validation.md","3cb3df33d566fa8faf07f5738c73022439a0e6b128eef787f62a061aaf0563bc"
"md","step-08-visual-foundation","gds","gds/workflows/2-design/gds-create-ux-design/steps/step-08-visual-foundation.md","68c15e007c4109a8236ae0db2417811590347e753882aff0545f5f040448d039"
"md","step-09-complete","gds","gds/workflows/3-technical/gds-game-architecture/steps/step-09-complete.md","ec6d6e37a8a85630b43e73089d41912fd65d0c13b996c628df2645a5bdfd832f"
"md","step-09-design-directions","gds","gds/workflows/2-design/gds-create-ux-design/steps/step-09-design-directions.md","6da82a5431d3016e0dabc99575267d0745630fdfe1109cf3a9bc0be550aad490"
"md","step-09-functional","gds","gds/workflows/2-design/gds-create-prd/steps-c/step-09-functional.md","b600f4b483bc2fbddf7bcf19597f840606aca8faaf33758c097323e2fc25b097"
"md","step-09-integration","gds","gds/workflows/2-design/gds-create-narrative/steps/step-09-integration.md","ef172e03f061e64da088d683952b091cd1246702efba03994cff5331b8b2070f"
"md","step-09-levels","gds","gds/workflows/2-design/gds-create-gdd/steps-c/step-09-levels.md","53f5bc1ffe041080ead481bc83e4a52cba1f2444c5c1562159d5d3436fb554e0"
"md","step-10-art-audio","gds","gds/workflows/2-design/gds-create-gdd/steps-c/step-10-art-audio.md","ed6ea4b22a66a074a739271e7a12e4d04251c37991c3c75d19211dfb46696a54"
"md","step-10-nonfunctional","gds","gds/workflows/2-design/gds-create-prd/steps-c/step-10-nonfunctional.md","e55b64595db786371eb88e85efa9c626c5220d309e5f88ba547f1241330b2909"
"md","step-10-production","gds","gds/workflows/2-design/gds-create-narrative/steps/step-10-production.md","f5ec87dfdf0ceaaf4531edd6d52b2b21cc0b1e96fcb191902224c39ef7ddc446"
"md","step-10-user-journeys","gds","gds/workflows/2-design/gds-create-ux-design/steps/step-10-user-journeys.md","5fa8030507659e89c02302f46e1003d3627688cb2bd8f7fe1dcbdbce07bc98e0"
"md","step-11-complete","gds","gds/workflows/2-design/gds-create-narrative/steps/step-11-complete.md","8fa895b49aad1231b974197c855135304fcd3bddb3130f8eb29d6aaddd52c948"
"md","step-11-component-strategy","gds","gds/workflows/2-design/gds-create-ux-design/steps/step-11-component-strategy.md","a170e524d2bed79b6cc032c320de545fcd62b106319655159f83c3e9bd2569de"
"md","step-11-polish","gds","gds/workflows/2-design/gds-create-prd/steps-c/step-11-polish.md","71089053fd521291db207660b9a872e0057d1853ef6f9fa102561e43f40a2b5f"
"md","step-11-technical","gds","gds/workflows/2-design/gds-create-gdd/steps-c/step-11-technical.md","fbc14b7f1410cf02f830e7dba3656b1822f398733e1a89944447fff2f48ba19a"
"md","step-12-complete","gds","gds/workflows/2-design/gds-create-prd/steps-c/step-12-complete.md","5761650ac5f3d11169bb82d313dcff3bfa8544178c3eabfa42c33f2b8672282c"
"md","step-12-epics","gds","gds/workflows/2-design/gds-create-gdd/steps-c/step-12-epics.md","2aaabda8e2483371d0c87e867c4fbd98104a10d18be8f74e71f36a8c9770831c"
"md","step-12-ux-patterns","gds","gds/workflows/2-design/gds-create-ux-design/steps/step-12-ux-patterns.md","1c2b1a1a2b244652e5a600eeed91896ebcb64055057c7871ea1f19d9d6440d5c"
"md","step-13-metrics","gds","gds/workflows/2-design/gds-create-gdd/steps-c/step-13-metrics.md","1704c683b741a4a87aa60c5fe2c7fe420365edc92d94903dc2d02a9ad4a96785"
"md","step-13-responsive-accessibility","gds","gds/workflows/2-design/gds-create-ux-design/steps/step-13-responsive-accessibility.md","3db309f70ba44e4c8ad008fc5ea16ea1442cf668151a5a58292ea2ee0ad93bbc"
"md","step-14-complete","gds","gds/workflows/2-design/gds-create-gdd/steps-c/step-14-complete.md","cae9fa604e59eb200eb29685c0405fd4a8741e461d78d62d3161244fe92ca9ba"
"md","step-14-complete","gds","gds/workflows/2-design/gds-create-ux-design/steps/step-14-complete.md","2983b9132fa7003e422dfeebb3a1769b673d78af7a3744f6e4b4dc113a105607"
"md","step-e-01-discovery","gds","gds/workflows/2-design/gds-edit-gdd/steps-e/step-e-01-discovery.md","d8f8bf503cfca51d65430ae1cf06306ac726eab300b4ce15a9b0fb92aa5b1806"
"md","step-e-01-discovery","gds","gds/workflows/2-design/gds-edit-prd/steps-e/step-e-01-discovery.md","640af25a6ff0d2249767cc0a8282ce6127b8ffca0bcd3f0759a214248f06556d"
"md","step-e-01b-legacy-conversion","gds","gds/workflows/2-design/gds-edit-gdd/steps-e/step-e-01b-legacy-conversion.md","aaacbbaaee9130e03d83a294479e80c6a74234c1f1bf0fc70d2c1bb3c013dccb"
"md","step-e-01b-legacy-conversion","gds","gds/workflows/2-design/gds-edit-prd/steps-e/step-e-01b-legacy-conversion.md","01d4678fd985ee4751191b5a5231484ca601642eca7b0dc442074d3175299b71"
"md","step-e-02-review","gds","gds/workflows/2-design/gds-edit-gdd/steps-e/step-e-02-review.md","d99a7e4e66f1988704eeaec44b8bded0d02c2f522b281f2fb3dcc13dd5643b3c"
"md","step-e-02-review","gds","gds/workflows/2-design/gds-edit-prd/steps-e/step-e-02-review.md","73ca47a1af8615c9b9429bf3710d4b42dfe4a8f67436196ef0e566ba4f85874b"
"md","step-e-03-edit","gds","gds/workflows/2-design/gds-edit-gdd/steps-e/step-e-03-edit.md","369f953d7b084a0bd493e17a0dc764cbc776cb4656074f0740ec5fbf4f433ac4"
"md","step-e-03-edit","gds","gds/workflows/2-design/gds-edit-prd/steps-e/step-e-03-edit.md","73b69c3fa66314b9408c188edda4892e4bc02a0e88446dd0cf6e62f1b5f1f904"
"md","step-e-04-complete","gds","gds/workflows/2-design/gds-edit-gdd/steps-e/step-e-04-complete.md","3852b02d55f5868c22eaa922ed1e921bd2ae8a1700c9b42e10949216804a8057"
"md","step-e-04-complete","gds","gds/workflows/2-design/gds-edit-prd/steps-e/step-e-04-complete.md","62e294deb4ba0688563b4d3f8725047f55ac9badd33f55415818113f677f1594"
"md","step-oneshot","gds","gds/workflows/gds-quick-flow/gds-quick-dev/step-oneshot.md","146f2bb596ba52fb0ce4ce9ce3426813b41955dfff465b974b006eb0400ddc95"
"md","step-v-01-discovery","gds","gds/workflows/2-design/gds-validate-gdd/steps-v/step-v-01-discovery.md","95a74b69611b810fc54f9250316dbc7fda6e4d9e723f39f959dac934774000ac"
"md","step-v-01-discovery","gds","gds/workflows/2-design/gds-validate-prd/steps-v/step-v-01-discovery.md","6c52563105ca80e3d84496e1c2e9af09fb7fcf6d3d41f5e1de759db16ccd31a2"
"md","step-v-02-format-detection","gds","gds/workflows/2-design/gds-validate-gdd/steps-v/step-v-02-format-detection.md","432b7d4f3259bf235013f1b44f81e17a8ee53afa5a12e744d5d7f419d763b6de"
"md","step-v-02-format-detection","gds","gds/workflows/2-design/gds-validate-prd/steps-v/step-v-02-format-detection.md","a1ad3032654c759c0111801a533bf68a8b841b5b2efd32947217c4286e1029f7"
"md","step-v-02b-parity-check","gds","gds/workflows/2-design/gds-validate-gdd/steps-v/step-v-02b-parity-check.md","02a6706ae9d558ef99a79a5e19a138765a1d267ef4bcf979fdf00a53a5a10e95"
"md","step-v-02b-parity-check","gds","gds/workflows/2-design/gds-validate-prd/steps-v/step-v-02b-parity-check.md","9285dab13b9b10901ac3e89c19fba59af5b97c360c387ff526144bec824ee693"
"md","step-v-03-density-validation","gds","gds/workflows/2-design/gds-validate-gdd/steps-v/step-v-03-density-validation.md","af47f203cfaf39dddb906428b2c890ace650cb7ad7d2b10806a30c99503d1ecd"
"md","step-v-03-density-validation","gds","gds/workflows/2-design/gds-validate-prd/steps-v/step-v-03-density-validation.md","2671fa76bb53ec523944d1dc706d804ca353e9422f29609a9b423d2b2a7a114c"
"md","step-v-04-brief-coverage-validation","gds","gds/workflows/2-design/gds-validate-gdd/steps-v/step-v-04-brief-coverage-validation.md","e0a734399001d41b23a907a1fe995df4a15c131cab5b0eb12c6e623bbb36dba5"
"md","step-v-04-brief-coverage-validation","gds","gds/workflows/2-design/gds-validate-prd/steps-v/step-v-04-brief-coverage-validation.md","d0fd2b63610a7ae7c6a8f1aca716d8d208f908599583e389a03fab643d4803c9"
"md","step-v-05-measurability-validation","gds","gds/workflows/2-design/gds-validate-gdd/steps-v/step-v-05-measurability-validation.md","5dcb799562312133d66543279e5bcc3634b83679b2d914f80052ac690fce3ffb"
"md","step-v-05-measurability-validation","gds","gds/workflows/2-design/gds-validate-prd/steps-v/step-v-05-measurability-validation.md","2d32a4cc033a9a977543e268db617eca82488eae13ef754dd4bcac7105e8533a"
"md","step-v-06-traceability-validation","gds","gds/workflows/2-design/gds-validate-gdd/steps-v/step-v-06-traceability-validation.md","83f1611d5844da8c5440f9d826a86ccd50184212091343b95956445500deac5e"
"md","step-v-06-traceability-validation","gds","gds/workflows/2-design/gds-validate-prd/steps-v/step-v-06-traceability-validation.md","cec17c3a8dba4d9f170ea3150254d95f17658f4ae8c7d6ee68cd63ebcafbfaba"
"md","step-v-07-implementation-leakage-validation","gds","gds/workflows/2-design/gds-validate-gdd/steps-v/step-v-07-implementation-leakage-validation.md","f16c610c8a83720fd9d28366385cec98610286a85dc0ea736ddc7c6c961b4a03"
"md","step-v-07-implementation-leakage-validation","gds","gds/workflows/2-design/gds-validate-prd/steps-v/step-v-07-implementation-leakage-validation.md","54ececda83a674e1e609168b56b8083cb596a256cae220197b0e46c287c61248"
"md","step-v-08-domain-compliance-validation","gds","gds/workflows/2-design/gds-validate-prd/steps-v/step-v-08-domain-compliance-validation.md","7f21ad977150d9280b2a7ede37b76305bd42d48ee00176d146b522deeb02494e"
"md","step-v-08-genre-compliance-validation","gds","gds/workflows/2-design/gds-validate-gdd/steps-v/step-v-08-genre-compliance-validation.md","4eac7fb80a91681d019f5cd72ea39c3da6123775c3a6f42433ebe1d782ac485c"
"md","step-v-09-game-type-validation","gds","gds/workflows/2-design/gds-validate-gdd/steps-v/step-v-09-game-type-validation.md","54b43d6ba6ff842c88e6f2ed4cec3e61e8841f27c0fac0046d23ca896b7261d2"
"md","step-v-09-project-type-validation","gds","gds/workflows/2-design/gds-validate-prd/steps-v/step-v-09-project-type-validation.md","a8769227f61fc2512bcfb89122a561943dcbb51c5c8d703e8112b1ff5dc7da08"
"md","step-v-10-smart-validation","gds","gds/workflows/2-design/gds-validate-gdd/steps-v/step-v-10-smart-validation.md","6cffa80454faf18fa59368636605123c50268fd94b01fc7b11807e4ae452436d"
"md","step-v-10-smart-validation","gds","gds/workflows/2-design/gds-validate-prd/steps-v/step-v-10-smart-validation.md","3f517e15b8eee35904e0288a800c00c6c306287b31ac41d2c5fb1c4f24d2cd92"
"md","step-v-11-holistic-quality-validation","gds","gds/workflows/2-design/gds-validate-gdd/steps-v/step-v-11-holistic-quality-validation.md","7c9f14e6313b216a877faa30e5fbb576a89e24d10447d29a1a601a61fa3c1537"
"md","step-v-11-holistic-quality-validation","gds","gds/workflows/2-design/gds-validate-prd/steps-v/step-v-11-holistic-quality-validation.md","7e9bdfbb581a1c0382302f1eaf4a039f8c7aff10ecadb41cb2dc8307e29ec032"
"md","step-v-12-completeness-validation","gds","gds/workflows/2-design/gds-validate-gdd/steps-v/step-v-12-completeness-validation.md","1aaf26b35b50bbb870bb8879431edef37b785a8fdff9b216b45e62115c09c776"
"md","step-v-12-completeness-validation","gds","gds/workflows/2-design/gds-validate-prd/steps-v/step-v-12-completeness-validation.md","612ae0afb762034b8b479c70458d4848bffc72ccad3a7a2a87a563fd059cf7aa"
"md","step-v-13-report-complete","gds","gds/workflows/2-design/gds-validate-gdd/steps-v/step-v-13-report-complete.md","dbeb68fdde9dffac0abe19abad69402ea32212cea3560710bd9d43fade7225a2"
"md","step-v-13-report-complete","gds","gds/workflows/2-design/gds-validate-prd/steps-v/step-v-13-report-complete.md","0a87ef67fc5b72f20d2112adb0f701cf084fb26777cae23e8612d8e1f6921f1a"
"md","strategy","gds","gds/workflows/2-design/gds-create-gdd/game-types/strategy.md","3b453b6e3a70d65ec2428bf53195edcb5c3f194341110f4034d55c9707fac65d"
"md","survival","gds","gds/workflows/2-design/gds-create-gdd/game-types/survival.md","524f50b6929bab7b10dbcc2437002cb79139188594e6d17ceb7abecd76e8b295"
"md","sync-sprint-status","gds","gds/workflows/gds-quick-flow/gds-quick-dev/sync-sprint-status.md","f1ce35a6415f7795e4b7c88acacb003732077bbcba9b4f4c86c54a7c77a99a60"
"md","template","gds","gds/workflows/4-production/gds-create-story/template.md","a7ac18d4dd1f8e2dd9f54edc82c760c04313ad30945dd3ef676da6af3cdfe7a9"
"md","test-design-template","gds","gds/workflows/gametest/gds-test-design/test-design-template.md","4823b53e252dd373c1ccc1fd6606db3f0bef39f258ccae7f3a24d39dbdddb33a"
"md","test-priorities","gds","gds/agents/gds-agent-game-dev/gametest/knowledge/test-priorities.md","ab91b9b455586553ea5bf9f991db3a88613bf6e57ca230cc9a4f713364f9799b"
"md","test-review-template","gds","gds/workflows/gametest/gds-test-review/test-review-template.md","99166ae52604775b0f51f5a7b569fcf658803bdb57a210807bee7c10173816c5"
"md","text-based","gds","gds/workflows/2-design/gds-create-gdd/game-types/text-based.md","96c1d8cd99377cbebb873c5d660534f7fbfb848f503511eb24a25fe1e25ab4bf"
"md","tower-defense","gds","gds/workflows/2-design/gds-create-gdd/game-types/tower-defense.md","c53a3bcb028d93bede1926d4c4b32a84321fe0ab5238974fe855e86631030b70"
"md","turn-based-tactics","gds","gds/workflows/2-design/gds-create-gdd/game-types/turn-based-tactics.md","5438cbf5fc800facfe724651821ba851231ccb1e26cd83ab658ead9a012c695d"
"md","unity-engine","gds","gds/workflows/3-technical/gds-game-architecture/knowledge/unity-engine.md","691e75872ce221c8ae92814065d35720ae260adcd71e5bb107686ad086bdde99"
"md","unity-testing","gds","gds/agents/gds-agent-game-dev/gametest/knowledge/unity-testing.md","7e196ea43cf8b35b4b290269ec24bf49f1fdf57c81987e7a9f0aeb2a48d94b11"
"md","unreal-engine","gds","gds/workflows/3-technical/gds-game-architecture/knowledge/unreal-engine.md","04027d82f7add176d072d34e23f2d498a256c2a0a2ca4f8927b195edfac07205"
"md","unreal-testing","gds","gds/agents/gds-agent-game-dev/gametest/knowledge/unreal-testing.md","d3d656434f9fddee65e8b0a4826067176663be2373fdcb240f5c37dcd8e11c05"
"md","update-standards","gds","gds/agents/gds-agent-tech-writer/update-standards.md","6a8347dca807b77463d9d5789710d2915624d90ffe1871a046fd0260b93342e5"
"md","ux-design-template","gds","gds/workflows/2-design/gds-create-ux-design/ux-design-template.md","e3243405e033ac20fc1f39f2ec39f60629a00599b7638b5b17be8ce1cb65974c"
"md","validate-doc","gds","gds/agents/gds-agent-tech-writer/validate-doc.md","2760f64d721e07df5ae733f7775da23a1e9f6042747d498a077b80ada96ab8e4"
"md","visual-novel","gds","gds/workflows/2-design/gds-create-gdd/game-types/visual-novel.md","c069fdf5a0bc18a129cf4ce1362e1b67b627943a0e40bdf46730e92202ea797a"
"md","workflow-market-research","gds","gds/workflows/1-preproduction/research/workflow-market-research.md","9afe7ef4a72b78d8e599e0925a8deeb2f322997b0da227330b2d7830e0281a94"
"md","workflow-technical-research","gds","gds/workflows/1-preproduction/research/workflow-technical-research.md","22292fc0a6d7a9402b65c4e2493e5a7585bdb8aec84ac86fabfd5f949198ad77"
"md","write-document","gds","gds/agents/gds-agent-tech-writer/write-document.md","4a35fd0466f842f55331707eb2b9656c09623e7c84a4f64f2a13771aa18b88f1"
"toml","customize","gds","gds/agents/gds-agent-game-architect/customize.toml","a92310a5661bef99023f6a4ca0bc82853b8e0aa1805b1155ad8528f36ba0bf3b"
"toml","customize","gds","gds/agents/gds-agent-game-designer/customize.toml","07b1850084c1238e7c679658daaf44d284a18084140e2d0615ea488519d21bda"
"toml","customize","gds","gds/agents/gds-agent-game-dev/customize.toml","ca7459e2b620297e4508152be796c0f4148ec7a783ba2dcbe0c31ae0a966ec95"
"toml","customize","gds","gds/agents/gds-agent-game-solo-dev/customize.toml","ef2d698096d6718d93eb35b6e6b932f52a7118421553780d5e7cc84173f3263c"
"toml","customize","gds","gds/agents/gds-agent-tech-writer/customize.toml","63c557bbdada1ad6e959e2b1121b6ad02ce3efb9350e24511579e2fb532b0f11"
"toml","customize","gds","gds/workflows/1-preproduction/gds-brainstorm-game/customize.toml","45d8a127298f6903dee4c114e7349730cb90072ff02ed7d85f6cbd02e94a7153"
"toml","customize","gds","gds/workflows/1-preproduction/gds-create-game-brief/customize.toml","509e669eeee686177df38cd621f9bc42902b1c4b4f9f9d6b05dccc82aadd1511"
"toml","customize","gds","gds/workflows/1-preproduction/research/gds-domain-research/customize.toml","046e7c507b93153f85be5ce2850771c55b365dd4e9eef9c09cd4306defe7dd1e"
"toml","customize","gds","gds/workflows/2-design/gds-create-gdd/customize.toml","9829e55acc8d962ad7ecc4437b3cdea20932337db60a6a79153fd783ad3fdecf"
"toml","customize","gds","gds/workflows/2-design/gds-create-narrative/customize.toml","cc27d88d4fbf5177a6eaebdde3a0622d2d400004be687ecf8ba7d9536e4304ad"
"toml","customize","gds","gds/workflows/2-design/gds-create-prd/customize.toml","3933fdd24952a2f89fd7baee24c064a0746287308ef53515d7883ec6c225ec5f"
"toml","customize","gds","gds/workflows/2-design/gds-create-ux-design/customize.toml","2e36d584f890ab8c80b3f5c9e1ad8440fdb9e31d64b0462af4e3fe9a9fd54adc"
"toml","customize","gds","gds/workflows/2-design/gds-edit-gdd/customize.toml","9fd08500098464dbf1e357b2d9d460e97834cd0acc4e888c193abe1c085bcbf3"
"toml","customize","gds","gds/workflows/2-design/gds-edit-prd/customize.toml","bf7b2be611f5399060384fad56d7396ac3d458d6882a6f254e9c0fdb9d054f7d"
"toml","customize","gds","gds/workflows/2-design/gds-validate-gdd/customize.toml","a14d75f5756a4d58d49aba73110821b77a539f6dbc51bc20fb81b8452cbfd29d"
"toml","customize","gds","gds/workflows/2-design/gds-validate-prd/customize.toml","b459ccef91178634e439d869d2b50047672ed8a4df10d55209c9946d5e4f6e84"
"toml","customize","gds","gds/workflows/3-technical/gds-check-implementation-readiness/customize.toml","bf839f517d89d39685bbdfaf457040622927d255ac7410f2cf5dcef16136e2aa"
"toml","customize","gds","gds/workflows/3-technical/gds-create-epics-and-stories/customize.toml","c168383564306d9ecbf69bc124aa9dcc194136d5b0a1599ee1a9d9a6084939ac"
"toml","customize","gds","gds/workflows/3-technical/gds-game-architecture/customize.toml","c11529445fb52ea7f7d9143e6f505c186895497cb21eb61dde8b2ea51aed32f2"
"toml","customize","gds","gds/workflows/3-technical/gds-generate-project-context/customize.toml","d50aeef92f35623148a646f0bff6bfc44bc70b3c0587c13c9fca77426ba70cf0"
"toml","customize","gds","gds/workflows/4-production/gds-code-review/customize.toml","840e07a1a9642587035655b3440f53326b6f734dc8df7188216d20a8925fbfc4"
"toml","customize","gds","gds/workflows/4-production/gds-correct-course/customize.toml","711f10e5db321ae52181bc7bcc57fbf4e56ef1cdaed03dc72cce64c801480e0c"
"toml","customize","gds","gds/workflows/4-production/gds-create-story/customize.toml","4c42a106e377e59e4d79954fabfab3e7962cbcda3f4b94fbbdb62d031f99b1b7"
"toml","customize","gds","gds/workflows/4-production/gds-dev-story/customize.toml","aed7057a686cc721b73e0aba274cf99af9b511b0d8a7bcd242e77995ee318e96"
"toml","customize","gds","gds/workflows/4-production/gds-retrospective/customize.toml","dd56cc6f9f7708bcd1bfea9078d2d7d8b4770ee8fb103a9f2a9d790f18b636e3"
"toml","customize","gds","gds/workflows/4-production/gds-sprint-planning/customize.toml","5025ad45bd97c2990d67be96f4a2cc71e727f6ea5dae54c675debf45f84e0799"
"toml","customize","gds","gds/workflows/4-production/gds-sprint-status/customize.toml","288effc282ce45e15865b93747bbadd8f784c5b49741e69db614195ea21d403e"
"toml","customize","gds","gds/workflows/gametest/gds-e2e-scaffold/customize.toml","284ed4e95cf33f15faa6f7fe379360a76fd925d3584630f98fd3c3dffb390c04"
"toml","customize","gds","gds/workflows/gametest/gds-performance-test/customize.toml","63b7d34397cfcfac4791a11b67fcfd8b35e6e94657c7ef7a8383dc9ed3c4c6cd"
"toml","customize","gds","gds/workflows/gametest/gds-playtest-plan/customize.toml","67de23268ea314cc55fffc5863f1dc1fa9539c1e871d6994b0979d7493ed5874"
"toml","customize","gds","gds/workflows/gametest/gds-test-automate/customize.toml","ef41e4f184e0ec36e2acbdc6681e108129e3f3c224293becd05bf40302ccf320"
"toml","customize","gds","gds/workflows/gametest/gds-test-design/customize.toml","0d9e5acf9605f97df71eaf4ed9ba326bacde065d1c9bd87229766445af001eb4"
"toml","customize","gds","gds/workflows/gametest/gds-test-framework/customize.toml","955de8132657fc13c0f5bf05cce78b88ff9e5e2cda157143435d9503a01e1741"
"toml","customize","gds","gds/workflows/gametest/gds-test-review/customize.toml","d5708d107531b5eb0a380e6c5c2a8a9b9cc0242745ecfd612a1d5396c16cb3f6"
"toml","customize","gds","gds/workflows/gds-document-project/customize.toml","40b30429e7b881525452b07e2fc8584539a1596a427357bbedb7ff947ecc76ee"
"toml","customize","gds","gds/workflows/gds-quick-flow/gds-quick-dev/customize.toml","68a721210104bc67159d0157dc9c0eec551b20b10984c846e68315df214a2717"
"yaml","architecture-patterns","gds","gds/workflows/3-technical/gds-game-architecture/architecture-patterns.yaml","ed3f948cb7ddd4b928bf6aa26d84695ade787f1979396f6230ea2c4cd9408ad3"
"yaml","config","gds","gds/config.yaml","96d007fa3df60419204cdf7a41149b790ff0d6ee64b191868d4c5da5db5c8fc1"
"yaml","decision-catalog","gds","gds/workflows/3-technical/gds-game-architecture/decision-catalog.yaml","ea7d7c5b13c8ce04e2e8dde7ef4273169627d66fcc3c74463e930e15cee7d6ae"
"yaml","engine-mcps","gds","gds/workflows/3-technical/gds-game-architecture/engine-mcps.yaml","432213f4a4ce2b9b9946fda108bd145abdc95f1ae2e7a8a8f03103f934015557"
"yaml","sprint-status-template","gds","gds/workflows/4-production/gds-sprint-planning/sprint-status-template.yaml","7bad0cc622ecbd33346d76f625333ff7c4d8aa21d48ce27075050f79a1a58065"
"py","resolve_config","scripts","scripts/resolve_config.py","8e326149d9170477ecc21aa2aa2389d8fbaa5d1cd95db2de2ad33029ce8ae528"
"py","resolve_customization","scripts","scripts/resolve_customization.py","6dbf36a2fea13392426fdbaf4f074b6d9b93488a964d2d1bff2a5c1c3a1d506e"
